Date,Card Number,Card Name,Total Pop,PSA 10,PSA 9
2026-04-07,,TOTAL POPULATION,"52,489","24,536","17,120"
2026-04-07,001,Falkner's Pidgeot 1st Edition,280,101,109
2026-04-07,002,Falkner's Fearow 1st Edition,346,134,134
2026-04-07,003,Falkner's Farfetch'd 1st Edition,266,122,113
2026-04-07,004,Falkner's Dodrio 1st Edition,234,123,84
2026-04-07,005,Falkner's Togetic 1st Edition,312,169,108
2026-04-07,006,Falkner's Delibird 1st Edition,279,127,116
2026-04-07,007,Falkner's Skarmory-Holo 1st Edition,676,265,239
2026-04-07,008,Bugsy's Butterfree 1st Edition,194,104,53
2026-04-07,009,Bugsy's Beedrill 1st Edition,190,105,64
2026-04-07,010,Bugsy's Pinsir 1st Edition,192,100,65
2026-04-07,011,Bugsy's Ledian 1st Edition,178,95,69
2026-04-07,012,Bugsy's Yanma 1st Edition,311,174,101
2026-04-07,013,Bugsy's Scizor-Holo 1st Edition,"1,031",314,411
2026-04-07,014,Whitney's Clefable 1st Edition,269,160,80
2026-04-07,015,Whitney's Wigglytuff 1st Edition,284,169,80
2026-04-07,016,Whitney's Persian 1st Edition,256,159,68
2026-04-07,017,Whitney's Lickitung 1st Edition,255,149,74
2026-04-07,018,Whitney's Furret 1st Edition,399,217,139
2026-04-07,019,Whitney's Miltank 1st Edition,254,114,105
2026-04-07,020,Morty's Ninetales 1st Edition,362,193,119
2026-04-07,021,Morty's Gengar 1st Edition,"1,015",411,323
2026-04-07,022,Morty's Hypno 1st Edition,429,266,106
2026-04-07,023,Morty's Marowak 1st Edition,201,115,64
2026-04-07,024,Morty's Noctowl 1st Edition,275,172,74
2026-04-07,025,Morty's Murkrow-Holo 1st Edition,695,305,234
2026-04-07,026,Morty's Misdreavus 1st Edition,251,123,87
2026-04-07,027,Jasmine's Raichu 1st Edition,774,445,228
2026-04-07,028,Jasmine's Magneton 1st Edition,248,126,94
2026-04-07,029,Jasmine's Electabuzz 1st Edition,258,150,79
2026-04-07,030,Jasmine's Jolteon 1st Edition,552,289,164
2026-04-07,031,Jasmine's Ampharos 1st Edition,330,191,103
2026-04-07,032,Jasmine's Steelix-Holo 1st Edition,811,261,356
2026-04-07,033,Chuck's Primeape 1st Edition,165,111,35
2026-04-07,034,Chuck's Poliwrath 1st Edition,197,121,49
2026-04-07,035,Chuck's Rhydon 1st Edition,182,114,50
2026-04-07,036,Chuck's Tauros 1st Edition,258,161,73
2026-04-07,037,Chuck's Granbull 1st Edition,237,157,63
2026-04-07,038,Chuck's Donphan 1st Edition,358,210,110
2026-04-07,039,Pryce's Dewgong 1st Edition,238,128,86
2026-04-07,040,Pryce's Cloyster 1st Edition,405,248,110
2026-04-07,041,Pryce's Lapras,172,48,60
2026-04-07,041,Pryce's Lapras 1st Edition,291,156,94
2026-04-07,042,Pryce's Articuno 1st Edition,413,223,126
2026-04-07,043,Pryce's Sneasel-Holo 1st Edition,660,338,159
2026-04-07,044,Pryce's Piloswine 1st Edition,184,96,71
2026-04-07,045,Pryce's Delibird 1st Edition,202,99,74
2026-04-07,046,Clair's Blastoise 1st Edition,702,316,246
2026-04-07,047,Clair's Jynx 1st Edition,213,113,72
2026-04-07,048,Clair's Gyarados 1st Edition,494,243,164
2026-04-07,049,Clair's Dragonite 1st Edition,932,399,334
2026-04-07,050,Clair's Politoed 1st Edition,217,124,67
2026-04-07,051,Clair's Mantine 1st Edition,382,216,125
2026-04-07,052,Clair's Kingdra 1st Edition,207,109,67
2026-04-07,053,LT. Surge's Raichu 1st Edition,476,241,153
2026-04-07,054,LT. Surge's Lanturn 1st Edition,196,93,83
2026-04-07,055,Sabrina's Xatu 1st Edition,191,101,69
2026-04-07,056,Sabrina's Espeon 1st Edition,753,365,235
2026-04-07,057,Misty's Lapras 1st Edition,329,172,105
2026-04-07,058,Misty's Quagsire 1st Edition,235,134,72
2026-04-07,059,Erika's Bellossom 1st Edition,190,106,62
2026-04-07,060,Erika's Jumpluff 1st Edition,174,99,55
2026-04-07,061,Janine's Beedrill 1st Edition,375,231,112
2026-04-07,062,Janine's Arbok 1st Edition,177,96,55
2026-04-07,063,Janine's Venomoth 1st Edition,172,100,56
2026-04-07,064,Janine's Weezing 1st Edition,160,91,50
2026-04-07,065,Janine's Ariados 1st Edition,165,85,62
2026-04-07,066,Janine's Crobat 1st Edition,216,129,70
2026-04-07,067,Janine's Shuckle 1st Edition,201,126,55
2026-04-07,068,Brock's Omastar 1st Edition,188,109,57
2026-04-07,069,Brock's Kabutops 1st Edition,204,111,60
2026-04-07,070,Blaine's Typhlosion 1st Edition,537,252,179
2026-04-07,071,Blaine's Magcargo 1st Edition,227,129,68
2026-04-07,072,Will's Slowbro 1st Edition,277,168,81
2026-04-07,073,Will's Exeggutor 1st Edition,186,124,50
2026-04-07,074,Will's Jynx 1st Edition,229,142,70
2026-04-07,075,Will's Xatu 1st Edition,161,109,39
2026-04-07,076,Will's Espeon 1st Edition,570,273,195
2026-04-07,077,Will's Slowking 1st Edition,275,153,85
2026-04-07,078,Will's Girafarig 1st Edition,319,223,77
2026-04-07,079,Koga's Crobat 1st Edition,217,126,65
2026-04-07,080,Koga's Forretress 1st Edition,166,100,45
2026-04-07,081,Bruno's Machamp 1st Edition,208,117,63
2026-04-07,082,Bruno's Hitmonlee 1st Edition,182,105,53
2026-04-07,083,Bruno's Hitmonchan 1st Edition,405,257,117
2026-04-07,084,Bruno's Steelix-Holo 1st Edition,718,256,275
2026-04-07,085,Bruno's Ursaring 1st Edition,260,169,74
2026-04-07,086,Bruno's Hitmontop 1st Edition,175,103,59
2026-04-07,087,Karen's Rapidash 1st Edition,425,266,117
2026-04-07,088,Karen's Magmar 1st Edition,263,140,81
2026-04-07,089,Karen's Flareon 1st Edition,632,330,208
2026-04-07,090,Karen's Tyranitar-Holo 1st Edition,"1,310",583,339
2026-04-07,091,Karen's Umbreon-Holo 1st Edition,"3,255",902,895
2026-04-07,092,Karen's Houndoom 1st Edition,492,231,181
2026-04-07,093,Rocket's Wobbuffet-Holo 1st Edition,784,294,294
2026-04-07,094,Rocket's Raikou-Holo 1st Edition,"1,051",475,310
2026-04-07,095,Rocket's Entei-Holo 1st Edition,"1,178",364,477
2026-04-07,096,Rocket's Suicune-Holo 1st Edition,"1,105",463,338
2026-04-07,097,Lance's Charizard 1st Edition,"1,987",686,598
2026-04-07,098,Lance's Gyarados 1st Edition,792,342,262
2026-04-07,099,Lance's Aerodactyl 1st Edition,481,211,185
2026-04-07,100,Lance's Dragonite 1st Edition,"1,082",479,374
2026-04-07,101,Lance's Ampharos 1st Edition,480,260,146
2026-04-07,102,Lance's Kingdra 1st Edition,416,196,148
2026-04-07,103,Falkner's TM 01 1st Edition,72,31,29
2026-04-07,104,Falkner's TM 02 1st Edition,53,15,23
2026-04-07,105,Bugsy's TM 01 1st Edition,67,35,25
2026-04-07,106,Bugsy's TM 02 1st Edition,53,21,19
2026-04-07,107,Whitney's TM 01 1st Edition,69,25,30
2026-04-07,108,Whitney's TM 02 1st Edition,63,28,22
2026-04-07,109,Morty's TM 01 1st Edition,51,22,18
2026-04-07,110,Morty's TM 02 1st Edition,55,21,16
2026-04-07,111,Jasmine's TM 01 1st Edition,68,25,30
2026-04-07,112,Jasmine's TM 02 1st Edition,51,23,16
2026-04-07,113,Chuck's TM 01 1st Edition,57,22,19
2026-04-07,114,Chuck's TM 02 1st Edition,58,14,26
2026-04-07,115,Pryce's TM 01 1st Edition,59,24,23
2026-04-07,116,Pryce's TM 02 1st Edition,55,22,17
2026-04-07,117,Clair's TM 01 1st Edition,80,37,29
2026-04-07,118,Clair's TM 02 1st Edition,73,8,38
2026-04-07,119,Janine's TM 01 1st Edition,66,25,25
2026-04-07,120,Janine's TM 02 1st Edition,44,9,22
2026-04-07,121,Will's TM 01 1st Edition,57,22,22
2026-04-07,122,Will's TM 02 1st Edition,47,23,13
2026-04-07,123,Bruno's TM 01 1st Edition,46,17,21
2026-04-07,124,Bruno's TM 02 1st Edition,47,13,15
2026-04-07,125,Karen's TM 01 1st Edition,78,24,42
2026-04-07,126,Karen's TM 02 1st Edition,74,17,35
2026-04-07,127,Rocket's TM 01 1st Edition,45,14,13
2026-04-07,128,Lance's TM 01 1st Edition,72,15,30
2026-04-07,129,Lance's TM 02 1st Edition,64,10,26
2026-04-07,130,Potion 1st Edition,153,76,51
2026-04-07,131,Moo-Moo Milk 1st Edition,151,87,42
2026-04-07,132,Full Heal 1st Edition,128,82,29
2026-04-07,133,Pokemon Reverse 1st Edition,126,66,44
2026-04-07,134,Switch 1st Edition,154,103,39
2026-04-07,135,Warp Point 1st Edition,120,77,33
2026-04-07,136,Super Scoop Up 1st Edition,145,85,46
2026-04-07,137,Energy Flow 1st Edition,133,86,35
2026-04-07,138,Energy Charge 1st Edition,113,74,26
2026-04-07,139,Energy Ark 1st Edition,163,96,47
2026-04-07,140,Energy Restore 1st Edition,123,76,38
2026-04-07,141,Master Ball 1st Edition,159,93,47
2026-04-07,142,Rocket's Tyranitar-Holo 1st Edition,"1,292",432,360
2026-04-07,N/A,Darkness Energy-Holo,989,412,419
2026-04-07,N/A,Fighting Energy,91,54,26
2026-04-07,N/A,Fire Energy,87,62,16
2026-04-07,N/A,Grass Energy,97,61,33
2026-04-07,N/A,Lightning Energy,84,58,17
2026-04-07,N/A,Metal Energy-Holo,741,367,279
2026-04-07,N/A,Psychic Energy,97,63,25
2026-04-07,N/A,Rainbow Energy-Holo,868,307,368
2026-04-07,N/A,Water Energy,88,62,19
2026-04-09,,TOTAL POPULATION,"52,511","24,539","17,131"
2026-04-09,001,Falkner's Pidgeot 1st Edition,282,101,110
2026-04-09,002,Falkner's Fearow 1st Edition,347,134,135
2026-04-09,003,Falkner's Farfetch'd 1st Edition,266,122,113
2026-04-09,004,Falkner's Dodrio 1st Edition,234,123,84
2026-04-09,005,Falkner's Togetic 1st Edition,312,169,108
2026-04-09,006,Falkner's Delibird 1st Edition,279,127,116
2026-04-09,007,Falkner's Skarmory-Holo 1st Edition,676,265,239
2026-04-09,008,Bugsy's Butterfree 1st Edition,194,104,53
2026-04-09,009,Bugsy's Beedrill 1st Edition,190,105,64
2026-04-09,010,Bugsy's Pinsir 1st Edition,192,100,65
2026-04-09,011,Bugsy's Ledian 1st Edition,178,95,69
2026-04-09,012,Bugsy's Yanma 1st Edition,311,174,101
2026-04-09,013,Bugsy's Scizor-Holo 1st Edition,"1,031",314,411
2026-04-09,014,Whitney's Clefable 1st Edition,269,160,80
2026-04-09,015,Whitney's Wigglytuff 1st Edition,284,169,80
2026-04-09,016,Whitney's Persian 1st Edition,256,159,68
2026-04-09,017,Whitney's Lickitung 1st Edition,256,150,74
2026-04-09,018,Whitney's Furret 1st Edition,400,217,140
2026-04-09,019,Whitney's Miltank 1st Edition,254,114,105
2026-04-09,020,Morty's Ninetales 1st Edition,362,193,119
2026-04-09,021,Morty's Gengar 1st Edition,"1,017",411,324
2026-04-09,022,Morty's Hypno 1st Edition,429,266,106
2026-04-09,023,Morty's Marowak 1st Edition,201,115,64
2026-04-09,024,Morty's Noctowl 1st Edition,275,172,74
2026-04-09,025,Morty's Murkrow-Holo 1st Edition,695,305,234
2026-04-09,026,Morty's Misdreavus 1st Edition,251,123,87
2026-04-09,027,Jasmine's Raichu 1st Edition,774,445,228
2026-04-09,028,Jasmine's Magneton 1st Edition,249,126,95
2026-04-09,029,Jasmine's Electabuzz 1st Edition,258,150,79
2026-04-09,030,Jasmine's Jolteon 1st Edition,553,289,164
2026-04-09,031,Jasmine's Ampharos 1st Edition,330,191,103
2026-04-09,032,Jasmine's Steelix-Holo 1st Edition,812,261,357
2026-04-09,033,Chuck's Primeape 1st Edition,165,111,35
2026-04-09,034,Chuck's Poliwrath 1st Edition,197,121,49
2026-04-09,035,Chuck's Rhydon 1st Edition,182,114,50
2026-04-09,036,Chuck's Tauros 1st Edition,258,161,73
2026-04-09,037,Chuck's Granbull 1st Edition,237,157,63
2026-04-09,038,Chuck's Donphan 1st Edition,358,210,110
2026-04-09,039,Pryce's Dewgong 1st Edition,238,128,86
2026-04-09,040,Pryce's Cloyster 1st Edition,405,248,110
2026-04-09,041,Pryce's Lapras,172,48,60
2026-04-09,041,Pryce's Lapras 1st Edition,291,156,94
2026-04-09,042,Pryce's Articuno 1st Edition,413,223,126
2026-04-09,043,Pryce's Sneasel-Holo 1st Edition,662,338,161
2026-04-09,044,Pryce's Piloswine 1st Edition,184,96,71
2026-04-09,045,Pryce's Delibird 1st Edition,202,99,74
2026-04-09,046,Clair's Blastoise 1st Edition,702,316,246
2026-04-09,047,Clair's Jynx 1st Edition,213,113,72
2026-04-09,048,Clair's Gyarados 1st Edition,494,243,164
2026-04-09,049,Clair's Dragonite 1st Edition,932,399,334
2026-04-09,050,Clair's Politoed 1st Edition,217,124,67
2026-04-09,051,Clair's Mantine 1st Edition,382,216,125
2026-04-09,052,Clair's Kingdra 1st Edition,207,109,67
2026-04-09,053,LT. Surge's Raichu 1st Edition,476,241,153
2026-04-09,054,LT. Surge's Lanturn 1st Edition,196,93,83
2026-04-09,055,Sabrina's Xatu 1st Edition,191,101,69
2026-04-09,056,Sabrina's Espeon 1st Edition,753,365,235
2026-04-09,057,Misty's Lapras 1st Edition,330,172,106
2026-04-09,058,Misty's Quagsire 1st Edition,235,134,72
2026-04-09,059,Erika's Bellossom 1st Edition,190,106,62
2026-04-09,060,Erika's Jumpluff 1st Edition,174,99,55
2026-04-09,061,Janine's Beedrill 1st Edition,375,231,112
2026-04-09,062,Janine's Arbok 1st Edition,177,96,55
2026-04-09,063,Janine's Venomoth 1st Edition,172,100,56
2026-04-09,064,Janine's Weezing 1st Edition,160,91,50
2026-04-09,065,Janine's Ariados 1st Edition,165,85,62
2026-04-09,066,Janine's Crobat 1st Edition,216,129,70
2026-04-09,067,Janine's Shuckle 1st Edition,201,126,55
2026-04-09,068,Brock's Omastar 1st Edition,188,109,57
2026-04-09,069,Brock's Kabutops 1st Edition,204,111,60
2026-04-09,070,Blaine's Typhlosion 1st Edition,537,252,179
2026-04-09,071,Blaine's Magcargo 1st Edition,227,129,68
2026-04-09,072,Will's Slowbro 1st Edition,277,168,81
2026-04-09,073,Will's Exeggutor 1st Edition,186,124,50
2026-04-09,074,Will's Jynx 1st Edition,229,142,70
2026-04-09,075,Will's Xatu 1st Edition,161,109,39
2026-04-09,076,Will's Espeon 1st Edition,570,273,195
2026-04-09,077,Will's Slowking 1st Edition,275,153,85
2026-04-09,078,Will's Girafarig 1st Edition,320,223,78
2026-04-09,079,Koga's Crobat 1st Edition,217,126,65
2026-04-09,080,Koga's Forretress 1st Edition,166,100,45
2026-04-09,081,Bruno's Machamp 1st Edition,208,117,63
2026-04-09,082,Bruno's Hitmonlee 1st Edition,182,105,53
2026-04-09,083,Bruno's Hitmonchan 1st Edition,405,257,117
2026-04-09,084,Bruno's Steelix-Holo 1st Edition,718,256,275
2026-04-09,085,Bruno's Ursaring 1st Edition,260,169,74
2026-04-09,086,Bruno's Hitmontop 1st Edition,175,103,59
2026-04-09,087,Karen's Rapidash 1st Edition,425,266,117
2026-04-09,088,Karen's Magmar 1st Edition,263,140,81
2026-04-09,089,Karen's Flareon 1st Edition,632,330,208
2026-04-09,090,Karen's Tyranitar-Holo 1st Edition,"1,311",583,339
2026-04-09,091,Karen's Umbreon-Holo 1st Edition,"3,257",903,895
2026-04-09,092,Karen's Houndoom 1st Edition,492,231,181
2026-04-09,093,Rocket's Wobbuffet-Holo 1st Edition,784,294,294
2026-04-09,094,Rocket's Raikou-Holo 1st Edition,"1,051",475,310
2026-04-09,095,Rocket's Entei-Holo 1st Edition,"1,178",364,477
2026-04-09,096,Rocket's Suicune-Holo 1st Edition,"1,105",463,338
2026-04-09,097,Lance's Charizard 1st Edition,"1,988",686,598
2026-04-09,098,Lance's Gyarados 1st Edition,792,342,262
2026-04-09,099,Lance's Aerodactyl 1st Edition,481,211,185
2026-04-09,100,Lance's Dragonite 1st Edition,"1,083",479,374
2026-04-09,101,Lance's Ampharos 1st Edition,480,260,146
2026-04-09,102,Lance's Kingdra 1st Edition,417,197,148
2026-04-09,103,Falkner's TM 01 1st Edition,72,31,29
2026-04-09,104,Falkner's TM 02 1st Edition,53,15,23
2026-04-09,105,Bugsy's TM 01 1st Edition,67,35,25
2026-04-09,106,Bugsy's TM 02 1st Edition,53,21,19
2026-04-09,107,Whitney's TM 01 1st Edition,69,25,30
2026-04-09,108,Whitney's TM 02 1st Edition,63,28,22
2026-04-09,109,Morty's TM 01 1st Edition,51,22,18
2026-04-09,110,Morty's TM 02 1st Edition,55,21,16
2026-04-09,111,Jasmine's TM 01 1st Edition,68,25,30
2026-04-09,112,Jasmine's TM 02 1st Edition,51,23,16
2026-04-09,113,Chuck's TM 01 1st Edition,57,22,19
2026-04-09,114,Chuck's TM 02 1st Edition,58,14,26
2026-04-09,115,Pryce's TM 01 1st Edition,59,24,23
2026-04-09,116,Pryce's TM 02 1st Edition,55,22,17
2026-04-09,117,Clair's TM 01 1st Edition,80,37,29
2026-04-09,118,Clair's TM 02 1st Edition,73,8,38
2026-04-09,119,Janine's TM 01 1st Edition,66,25,25
2026-04-09,120,Janine's TM 02 1st Edition,44,9,22
2026-04-09,121,Will's TM 01 1st Edition,57,22,22
2026-04-09,122,Will's TM 02 1st Edition,47,23,13
2026-04-09,123,Bruno's TM 01 1st Edition,46,17,21
2026-04-09,124,Bruno's TM 02 1st Edition,47,13,15
2026-04-09,125,Karen's TM 01 1st Edition,78,24,42
2026-04-09,126,Karen's TM 02 1st Edition,74,17,35
2026-04-09,127,Rocket's TM 01 1st Edition,45,14,13
2026-04-09,128,Lance's TM 01 1st Edition,72,15,30
2026-04-09,129,Lance's TM 02 1st Edition,64,10,26
2026-04-09,130,Potion 1st Edition,153,76,51
2026-04-09,131,Moo-Moo Milk 1st Edition,151,87,42
2026-04-09,132,Full Heal 1st Edition,128,82,29
2026-04-09,133,Pokemon Reverse 1st Edition,126,66,44
2026-04-09,134,Switch 1st Edition,154,103,39
2026-04-09,135,Warp Point 1st Edition,120,77,33
2026-04-09,136,Super Scoop Up 1st Edition,145,85,46
2026-04-09,137,Energy Flow 1st Edition,133,86,35
2026-04-09,138,Energy Charge 1st Edition,113,74,26
2026-04-09,139,Energy Ark 1st Edition,163,96,47
2026-04-09,140,Energy Restore 1st Edition,123,76,38
2026-04-09,141,Master Ball 1st Edition,159,93,47
2026-04-09,142,Rocket's Tyranitar-Holo 1st Edition,"1,293",432,361
2026-04-09,N/A,Darkness Energy-Holo,989,412,419
2026-04-09,N/A,Fighting Energy,91,54,26
2026-04-09,N/A,Fire Energy,87,62,16
2026-04-09,N/A,Grass Energy,97,61,33
2026-04-09,N/A,Lightning Energy,84,58,17
2026-04-09,N/A,Metal Energy-Holo,741,367,279
2026-04-09,N/A,Psychic Energy,97,63,25
2026-04-09,N/A,Rainbow Energy-Holo,869,307,368
2026-04-09,N/A,Water Energy,88,62,19
2026-04-12,,TOTAL POPULATION,"52,645","24,575","17,178"
2026-04-12,001,Falkner's Pidgeot 1st Edition,283,101,111
2026-04-12,002,Falkner's Fearow 1st Edition,348,134,135
2026-04-12,003,Falkner's Farfetch'd 1st Edition,266,122,113
2026-04-12,004,Falkner's Dodrio 1st Edition,234,123,84
2026-04-12,005,Falkner's Togetic 1st Edition,312,169,108
2026-04-12,006,Falkner's Delibird 1st Edition,279,127,116
2026-04-12,007,Falkner's Skarmory-Holo 1st Edition,678,266,239
2026-04-12,008,Bugsy's Butterfree 1st Edition,194,104,53
2026-04-12,009,Bugsy's Beedrill 1st Edition,190,105,64
2026-04-12,010,Bugsy's Pinsir 1st Edition,192,100,65
2026-04-12,011,Bugsy's Ledian 1st Edition,178,95,69
2026-04-12,012,Bugsy's Yanma 1st Edition,312,174,101
2026-04-12,013,Bugsy's Scizor-Holo 1st Edition,"1,034",315,411
2026-04-12,014,Whitney's Clefable 1st Edition,270,160,81
2026-04-12,015,Whitney's Wigglytuff 1st Edition,285,169,80
2026-04-12,016,Whitney's Persian 1st Edition,256,159,68
2026-04-12,017,Whitney's Lickitung 1st Edition,258,150,76
2026-04-12,018,Whitney's Furret 1st Edition,402,218,140
2026-04-12,019,Whitney's Miltank 1st Edition,254,114,105
2026-04-12,020,Morty's Ninetales 1st Edition,365,193,120
2026-04-12,021,Morty's Gengar 1st Edition,"1,020",412,324
2026-04-12,022,Morty's Hypno 1st Edition,429,266,106
2026-04-12,023,Morty's Marowak 1st Edition,201,115,64
2026-04-12,024,Morty's Noctowl 1st Edition,277,172,74
2026-04-12,025,Morty's Murkrow-Holo 1st Edition,699,305,235
2026-04-12,026,Morty's Misdreavus 1st Edition,251,123,87
2026-04-12,027,Jasmine's Raichu 1st Edition,778,446,230
2026-04-12,028,Jasmine's Magneton 1st Edition,249,126,95
2026-04-12,029,Jasmine's Electabuzz 1st Edition,259,150,80
2026-04-12,030,Jasmine's Jolteon 1st Edition,554,289,164
2026-04-12,031,Jasmine's Ampharos 1st Edition,330,191,103
2026-04-12,032,Jasmine's Steelix-Holo 1st Edition,813,262,357
2026-04-12,033,Chuck's Primeape 1st Edition,169,112,37
2026-04-12,034,Chuck's Poliwrath 1st Edition,197,121,49
2026-04-12,035,Chuck's Rhydon 1st Edition,182,114,50
2026-04-12,036,Chuck's Tauros 1st Edition,258,161,73
2026-04-12,037,Chuck's Granbull 1st Edition,238,157,63
2026-04-12,038,Chuck's Donphan 1st Edition,358,210,110
2026-04-12,039,Pryce's Dewgong 1st Edition,238,128,86
2026-04-12,040,Pryce's Cloyster 1st Edition,406,249,110
2026-04-12,041,Pryce's Lapras,172,48,60
2026-04-12,041,Pryce's Lapras 1st Edition,292,156,95
2026-04-12,042,Pryce's Articuno 1st Edition,414,223,126
2026-04-12,043,Pryce's Sneasel-Holo 1st Edition,662,338,161
2026-04-12,044,Pryce's Piloswine 1st Edition,184,96,71
2026-04-12,045,Pryce's Delibird 1st Edition,202,99,74
2026-04-12,046,Clair's Blastoise 1st Edition,704,317,247
2026-04-12,047,Clair's Jynx 1st Edition,215,113,74
2026-04-12,048,Clair's Gyarados 1st Edition,495,244,164
2026-04-12,049,Clair's Dragonite 1st Edition,935,399,336
2026-04-12,050,Clair's Politoed 1st Edition,221,127,68
2026-04-12,051,Clair's Mantine 1st Edition,382,216,125
2026-04-12,052,Clair's Kingdra 1st Edition,207,109,67
2026-04-12,053,LT. Surge's Raichu 1st Edition,477,241,154
2026-04-12,054,LT. Surge's Lanturn 1st Edition,198,93,84
2026-04-12,055,Sabrina's Xatu 1st Edition,191,101,69
2026-04-12,056,Sabrina's Espeon 1st Edition,755,365,235
2026-04-12,057,Misty's Lapras 1st Edition,330,172,106
2026-04-12,058,Misty's Quagsire 1st Edition,236,134,73
2026-04-12,059,Erika's Bellossom 1st Edition,190,106,62
2026-04-12,060,Erika's Jumpluff 1st Edition,174,99,55
2026-04-12,061,Janine's Beedrill 1st Edition,375,231,112
2026-04-12,062,Janine's Arbok 1st Edition,177,96,55
2026-04-12,063,Janine's Venomoth 1st Edition,172,100,56
2026-04-12,064,Janine's Weezing 1st Edition,160,91,50
2026-04-12,065,Janine's Ariados 1st Edition,165,85,62
2026-04-12,066,Janine's Crobat 1st Edition,218,130,71
2026-04-12,067,Janine's Shuckle 1st Edition,204,129,55
2026-04-12,068,Brock's Omastar 1st Edition,188,109,57
2026-04-12,069,Brock's Kabutops 1st Edition,207,113,61
2026-04-12,070,Blaine's Typhlosion 1st Edition,538,253,179
2026-04-12,071,Blaine's Magcargo 1st Edition,228,129,68
2026-04-12,072,Will's Slowbro 1st Edition,279,169,82
2026-04-12,073,Will's Exeggutor 1st Edition,186,124,50
2026-04-12,074,Will's Jynx 1st Edition,232,143,72
2026-04-12,075,Will's Xatu 1st Edition,161,109,39
2026-04-12,076,Will's Espeon 1st Edition,571,273,196
2026-04-12,077,Will's Slowking 1st Edition,275,153,85
2026-04-12,078,Will's Girafarig 1st Edition,320,223,78
2026-04-12,079,Koga's Crobat 1st Edition,217,126,65
2026-04-12,080,Koga's Forretress 1st Edition,167,100,45
2026-04-12,081,Bruno's Machamp 1st Edition,208,117,63
2026-04-12,082,Bruno's Hitmonlee 1st Edition,182,105,53
2026-04-12,083,Bruno's Hitmonchan 1st Edition,407,258,118
2026-04-12,084,Bruno's Steelix-Holo 1st Edition,721,256,275
2026-04-12,085,Bruno's Ursaring 1st Edition,260,169,74
2026-04-12,086,Bruno's Hitmontop 1st Edition,175,103,59
2026-04-12,087,Karen's Rapidash 1st Edition,426,266,118
2026-04-12,088,Karen's Magmar 1st Edition,264,140,82
2026-04-12,089,Karen's Flareon 1st Edition,632,330,208
2026-04-12,090,Karen's Tyranitar-Holo 1st Edition,"1,318",586,342
2026-04-12,091,Karen's Umbreon-Holo 1st Edition,"3,269",906,897
2026-04-12,092,Karen's Houndoom 1st Edition,493,231,181
2026-04-12,093,Rocket's Wobbuffet-Holo 1st Edition,789,295,296
2026-04-12,094,Rocket's Raikou-Holo 1st Edition,"1,053",475,311
2026-04-12,095,Rocket's Entei-Holo 1st Edition,"1,183",364,478
2026-04-12,096,Rocket's Suicune-Holo 1st Edition,"1,107",464,338
2026-04-12,097,Lance's Charizard 1st Edition,"1,993",686,600
2026-04-12,098,Lance's Gyarados 1st Edition,794,343,262
2026-04-12,099,Lance's Aerodactyl 1st Edition,482,211,186
2026-04-12,100,Lance's Dragonite 1st Edition,"1,086",479,377
2026-04-12,101,Lance's Ampharos 1st Edition,481,261,146
2026-04-12,102,Lance's Kingdra 1st Edition,418,198,148
2026-04-12,103,Falkner's TM 01 1st Edition,72,31,29
2026-04-12,104,Falkner's TM 02 1st Edition,53,15,23
2026-04-12,105,Bugsy's TM 01 1st Edition,67,35,25
2026-04-12,106,Bugsy's TM 02 1st Edition,53,21,19
2026-04-12,107,Whitney's TM 01 1st Edition,69,25,30
2026-04-12,108,Whitney's TM 02 1st Edition,63,28,22
2026-04-12,109,Morty's TM 01 1st Edition,51,22,18
2026-04-12,110,Morty's TM 02 1st Edition,55,21,16
2026-04-12,111,Jasmine's TM 01 1st Edition,68,25,30
2026-04-12,112,Jasmine's TM 02 1st Edition,51,23,16
2026-04-12,113,Chuck's TM 01 1st Edition,57,22,19
2026-04-12,114,Chuck's TM 02 1st Edition,58,14,26
2026-04-12,115,Pryce's TM 01 1st Edition,59,24,23
2026-04-12,116,Pryce's TM 02 1st Edition,55,22,17
2026-04-12,117,Clair's TM 01 1st Edition,80,37,29
2026-04-12,118,Clair's TM 02 1st Edition,73,8,38
2026-04-12,119,Janine's TM 01 1st Edition,66,25,25
2026-04-12,120,Janine's TM 02 1st Edition,44,9,22
2026-04-12,121,Will's TM 01 1st Edition,57,22,22
2026-04-12,122,Will's TM 02 1st Edition,47,23,13
2026-04-12,123,Bruno's TM 01 1st Edition,46,17,21
2026-04-12,124,Bruno's TM 02 1st Edition,47,13,15
2026-04-12,125,Karen's TM 01 1st Edition,78,24,42
2026-04-12,126,Karen's TM 02 1st Edition,74,17,35
2026-04-12,127,Rocket's TM 01 1st Edition,45,14,13
2026-04-12,128,Lance's TM 01 1st Edition,72,15,30
2026-04-12,129,Lance's TM 02 1st Edition,64,10,26
2026-04-12,130,Potion 1st Edition,153,76,51
2026-04-12,131,Moo-Moo Milk 1st Edition,151,87,42
2026-04-12,132,Full Heal 1st Edition,128,82,29
2026-04-12,133,Pokemon Reverse 1st Edition,126,66,44
2026-04-12,134,Switch 1st Edition,154,103,39
2026-04-12,135,Warp Point 1st Edition,120,77,33
2026-04-12,136,Super Scoop Up 1st Edition,145,85,46
2026-04-12,137,Energy Flow 1st Edition,133,86,35
2026-04-12,138,Energy Charge 1st Edition,113,74,26
2026-04-12,139,Energy Ark 1st Edition,163,96,47
2026-04-12,140,Energy Restore 1st Edition,123,76,38
2026-04-12,141,Master Ball 1st Edition,159,93,47
2026-04-12,142,Rocket's Tyranitar-Holo 1st Edition,"1,295",432,363
2026-04-12,N/A,Darkness Energy-Holo,989,412,419
2026-04-12,N/A,Fighting Energy,91,54,26
2026-04-12,N/A,Fire Energy,87,62,16
2026-04-12,N/A,Grass Energy,97,61,33
2026-04-12,N/A,Lightning Energy,84,58,17
2026-04-12,N/A,Metal Energy-Holo,742,368,279
2026-04-12,N/A,Psychic Energy,97,63,25
2026-04-12,N/A,Rainbow Energy-Holo,870,308,368
2026-04-12,N/A,Water Energy,88,62,19
2026-04-13,,TOTAL POPULATION,"52,661","24,584","17,183"
2026-04-13,001,Falkner's Pidgeot 1st Edition,283,101,111
2026-04-13,002,Falkner's Fearow 1st Edition,349,135,135
2026-04-13,003,Falkner's Farfetch'd 1st Edition,266,122,113
2026-04-13,004,Falkner's Dodrio 1st Edition,234,123,84
2026-04-13,005,Falkner's Togetic 1st Edition,312,169,108
2026-04-13,006,Falkner's Delibird 1st Edition,279,127,116
2026-04-13,007,Falkner's Skarmory-Holo 1st Edition,678,266,239
2026-04-13,008,Bugsy's Butterfree 1st Edition,194,104,53
2026-04-13,009,Bugsy's Beedrill 1st Edition,190,105,64
2026-04-13,010,Bugsy's Pinsir 1st Edition,192,100,65
2026-04-13,011,Bugsy's Ledian 1st Edition,178,95,69
2026-04-13,012,Bugsy's Yanma 1st Edition,313,175,101
2026-04-13,013,Bugsy's Scizor-Holo 1st Edition,"1,034",315,411
2026-04-13,014,Whitney's Clefable 1st Edition,271,160,82
2026-04-13,015,Whitney's Wigglytuff 1st Edition,286,169,81
2026-04-13,016,Whitney's Persian 1st Edition,256,159,68
2026-04-13,017,Whitney's Lickitung 1st Edition,258,150,76
2026-04-13,018,Whitney's Furret 1st Edition,403,219,140
2026-04-13,019,Whitney's Miltank 1st Edition,254,114,105
2026-04-13,020,Morty's Ninetales 1st Edition,365,193,120
2026-04-13,021,Morty's Gengar 1st Edition,"1,021",412,325
2026-04-13,022,Morty's Hypno 1st Edition,430,267,106
2026-04-13,023,Morty's Marowak 1st Edition,201,115,64
2026-04-13,024,Morty's Noctowl 1st Edition,277,172,74
2026-04-13,025,Morty's Murkrow-Holo 1st Edition,699,305,235
2026-04-13,026,Morty's Misdreavus 1st Edition,251,123,87
2026-04-13,027,Jasmine's Raichu 1st Edition,779,447,230
2026-04-13,028,Jasmine's Magneton 1st Edition,249,126,95
2026-04-13,029,Jasmine's Electabuzz 1st Edition,259,150,80
2026-04-13,030,Jasmine's Jolteon 1st Edition,554,289,164
2026-04-13,031,Jasmine's Ampharos 1st Edition,330,191,103
2026-04-13,032,Jasmine's Steelix-Holo 1st Edition,813,262,357
2026-04-13,033,Chuck's Primeape 1st Edition,169,112,37
2026-04-13,034,Chuck's Poliwrath 1st Edition,197,121,49
2026-04-13,035,Chuck's Rhydon 1st Edition,182,114,50
2026-04-13,036,Chuck's Tauros 1st Edition,258,161,73
2026-04-13,037,Chuck's Granbull 1st Edition,238,157,63
2026-04-13,038,Chuck's Donphan 1st Edition,360,212,110
2026-04-13,039,Pryce's Dewgong 1st Edition,238,128,86
2026-04-13,040,Pryce's Cloyster 1st Edition,406,249,110
2026-04-13,041,Pryce's Lapras,172,48,60
2026-04-13,041,Pryce's Lapras 1st Edition,292,156,95
2026-04-13,042,Pryce's Articuno 1st Edition,414,223,126
2026-04-13,043,Pryce's Sneasel-Holo 1st Edition,662,338,161
2026-04-13,044,Pryce's Piloswine 1st Edition,184,96,71
2026-04-13,045,Pryce's Delibird 1st Edition,202,99,74
2026-04-13,046,Clair's Blastoise 1st Edition,704,317,247
2026-04-13,047,Clair's Jynx 1st Edition,215,113,74
2026-04-13,048,Clair's Gyarados 1st Edition,495,244,164
2026-04-13,049,Clair's Dragonite 1st Edition,935,399,336
2026-04-13,050,Clair's Politoed 1st Edition,221,127,68
2026-04-13,051,Clair's Mantine 1st Edition,382,216,125
2026-04-13,052,Clair's Kingdra 1st Edition,207,109,67
2026-04-13,053,LT. Surge's Raichu 1st Edition,478,241,155
2026-04-13,054,LT. Surge's Lanturn 1st Edition,199,93,85
2026-04-13,055,Sabrina's Xatu 1st Edition,191,101,69
2026-04-13,056,Sabrina's Espeon 1st Edition,755,365,235
2026-04-13,057,Misty's Lapras 1st Edition,330,172,106
2026-04-13,058,Misty's Quagsire 1st Edition,236,134,73
2026-04-13,059,Erika's Bellossom 1st Edition,190,106,62
2026-04-13,060,Erika's Jumpluff 1st Edition,174,99,55
2026-04-13,061,Janine's Beedrill 1st Edition,376,232,112
2026-04-13,062,Janine's Arbok 1st Edition,177,96,55
2026-04-13,063,Janine's Venomoth 1st Edition,172,100,56
2026-04-13,064,Janine's Weezing 1st Edition,160,91,50
2026-04-13,065,Janine's Ariados 1st Edition,165,85,62
2026-04-13,066,Janine's Crobat 1st Edition,218,130,71
2026-04-13,067,Janine's Shuckle 1st Edition,204,129,55
2026-04-13,068,Brock's Omastar 1st Edition,188,109,57
2026-04-13,069,Brock's Kabutops 1st Edition,207,113,61
2026-04-13,070,Blaine's Typhlosion 1st Edition,538,253,179
2026-04-13,071,Blaine's Magcargo 1st Edition,228,129,68
2026-04-13,072,Will's Slowbro 1st Edition,279,169,82
2026-04-13,073,Will's Exeggutor 1st Edition,186,124,50
2026-04-13,074,Will's Jynx 1st Edition,232,143,72
2026-04-13,075,Will's Xatu 1st Edition,161,109,39
2026-04-13,076,Will's Espeon 1st Edition,571,273,196
2026-04-13,077,Will's Slowking 1st Edition,275,153,85
2026-04-13,078,Will's Girafarig 1st Edition,321,224,78
2026-04-13,079,Koga's Crobat 1st Edition,217,126,65
2026-04-13,080,Koga's Forretress 1st Edition,167,100,45
2026-04-13,081,Bruno's Machamp 1st Edition,208,117,63
2026-04-13,082,Bruno's Hitmonlee 1st Edition,182,105,53
2026-04-13,083,Bruno's Hitmonchan 1st Edition,407,258,118
2026-04-13,084,Bruno's Steelix-Holo 1st Edition,721,256,275
2026-04-13,085,Bruno's Ursaring 1st Edition,260,169,74
2026-04-13,086,Bruno's Hitmontop 1st Edition,175,103,59
2026-04-13,087,Karen's Rapidash 1st Edition,426,266,118
2026-04-13,088,Karen's Magmar 1st Edition,264,140,82
2026-04-13,089,Karen's Flareon 1st Edition,632,330,208
2026-04-13,090,Karen's Tyranitar-Holo 1st Edition,"1,318",586,342
2026-04-13,091,Karen's Umbreon-Holo 1st Edition,"3,271",906,897
2026-04-13,092,Karen's Houndoom 1st Edition,493,231,181
2026-04-13,093,Rocket's Wobbuffet-Holo 1st Edition,789,295,296
2026-04-13,094,Rocket's Raikou-Holo 1st Edition,"1,053",475,311
2026-04-13,095,Rocket's Entei-Holo 1st Edition,"1,183",364,478
2026-04-13,096,Rocket's Suicune-Holo 1st Edition,"1,107",464,338
2026-04-13,097,Lance's Charizard 1st Edition,"1,993",686,600
2026-04-13,098,Lance's Gyarados 1st Edition,794,343,262
2026-04-13,099,Lance's Aerodactyl 1st Edition,482,211,186
2026-04-13,100,Lance's Dragonite 1st Edition,"1,086",479,377
2026-04-13,101,Lance's Ampharos 1st Edition,481,261,146
2026-04-13,102,Lance's Kingdra 1st Edition,418,198,148
2026-04-13,103,Falkner's TM 01 1st Edition,72,31,29
2026-04-13,104,Falkner's TM 02 1st Edition,53,15,23
2026-04-13,105,Bugsy's TM 01 1st Edition,67,35,25
2026-04-13,106,Bugsy's TM 02 1st Edition,53,21,19
2026-04-13,107,Whitney's TM 01 1st Edition,69,25,30
2026-04-13,108,Whitney's TM 02 1st Edition,63,28,22
2026-04-13,109,Morty's TM 01 1st Edition,51,22,18
2026-04-13,110,Morty's TM 02 1st Edition,55,21,16
2026-04-13,111,Jasmine's TM 01 1st Edition,68,25,30
2026-04-13,112,Jasmine's TM 02 1st Edition,51,23,16
2026-04-13,113,Chuck's TM 01 1st Edition,57,22,19
2026-04-13,114,Chuck's TM 02 1st Edition,58,14,26
2026-04-13,115,Pryce's TM 01 1st Edition,59,24,23
2026-04-13,116,Pryce's TM 02 1st Edition,55,22,17
2026-04-13,117,Clair's TM 01 1st Edition,80,37,29
2026-04-13,118,Clair's TM 02 1st Edition,73,8,38
2026-04-13,119,Janine's TM 01 1st Edition,66,25,25
2026-04-13,120,Janine's TM 02 1st Edition,44,9,22
2026-04-13,121,Will's TM 01 1st Edition,57,22,22
2026-04-13,122,Will's TM 02 1st Edition,47,23,13
2026-04-13,123,Bruno's TM 01 1st Edition,46,17,21
2026-04-13,124,Bruno's TM 02 1st Edition,47,13,15
2026-04-13,125,Karen's TM 01 1st Edition,78,24,42
2026-04-13,126,Karen's TM 02 1st Edition,74,17,35
2026-04-13,127,Rocket's TM 01 1st Edition,45,14,13
2026-04-13,128,Lance's TM 01 1st Edition,72,15,30
2026-04-13,129,Lance's TM 02 1st Edition,64,10,26
2026-04-13,130,Potion 1st Edition,153,76,51
2026-04-13,131,Moo-Moo Milk 1st Edition,151,87,42
2026-04-13,132,Full Heal 1st Edition,128,82,29
2026-04-13,133,Pokemon Reverse 1st Edition,126,66,44
2026-04-13,134,Switch 1st Edition,154,103,39
2026-04-13,135,Warp Point 1st Edition,120,77,33
2026-04-13,136,Super Scoop Up 1st Edition,145,85,46
2026-04-13,137,Energy Flow 1st Edition,133,86,35
2026-04-13,138,Energy Charge 1st Edition,113,74,26
2026-04-13,139,Energy Ark 1st Edition,163,96,47
2026-04-13,140,Energy Restore 1st Edition,123,76,38
2026-04-13,141,Master Ball 1st Edition,159,93,47
2026-04-13,142,Rocket's Tyranitar-Holo 1st Edition,"1,295",432,363
2026-04-13,N/A,Darkness Energy-Holo,989,412,419
2026-04-13,N/A,Fighting Energy,91,54,26
2026-04-13,N/A,Fire Energy,87,62,16
2026-04-13,N/A,Grass Energy,97,61,33
2026-04-13,N/A,Lightning Energy,84,58,17
2026-04-13,N/A,Metal Energy-Holo,742,368,279
2026-04-13,N/A,Psychic Energy,97,63,25
2026-04-13,N/A,Rainbow Energy-Holo,870,308,368
2026-04-13,N/A,Water Energy,88,62,19
2026-04-14,,TOTAL POPULATION,"52,762","24,610","17,217"
2026-04-14,001,Falkner's Pidgeot 1st Edition,283,101,111
2026-04-14,002,Falkner's Fearow 1st Edition,349,135,135
2026-04-14,003,Falkner's Farfetch'd 1st Edition,266,122,113
2026-04-14,004,Falkner's Dodrio 1st Edition,234,123,84
2026-04-14,005,Falkner's Togetic 1st Edition,313,169,108
2026-04-14,006,Falkner's Delibird 1st Edition,279,127,116
2026-04-14,007,Falkner's Skarmory-Holo 1st Edition,678,266,239
2026-04-14,008,Bugsy's Butterfree 1st Edition,195,104,53
2026-04-14,009,Bugsy's Beedrill 1st Edition,191,106,64
2026-04-14,010,Bugsy's Pinsir 1st Edition,193,101,65
2026-04-14,011,Bugsy's Ledian 1st Edition,179,96,69
2026-04-14,012,Bugsy's Yanma 1st Edition,314,175,101
2026-04-14,013,Bugsy's Scizor-Holo 1st Edition,"1,034",315,411
2026-04-14,014,Whitney's Clefable 1st Edition,272,160,82
2026-04-14,015,Whitney's Wigglytuff 1st Edition,287,170,81
2026-04-14,016,Whitney's Persian 1st Edition,259,160,70
2026-04-14,017,Whitney's Lickitung 1st Edition,259,150,76
2026-04-14,018,Whitney's Furret 1st Edition,404,220,140
2026-04-14,019,Whitney's Miltank 1st Edition,255,115,105
2026-04-14,020,Morty's Ninetales 1st Edition,366,193,120
2026-04-14,021,Morty's Gengar 1st Edition,"1,022",413,325
2026-04-14,022,Morty's Hypno 1st Edition,432,268,106
2026-04-14,023,Morty's Marowak 1st Edition,204,117,64
2026-04-14,024,Morty's Noctowl 1st Edition,279,172,75
2026-04-14,025,Morty's Murkrow-Holo 1st Edition,699,305,235
2026-04-14,026,Morty's Misdreavus 1st Edition,252,123,87
2026-04-14,027,Jasmine's Raichu 1st Edition,782,448,231
2026-04-14,028,Jasmine's Magneton 1st Edition,250,126,96
2026-04-14,029,Jasmine's Electabuzz 1st Edition,259,150,80
2026-04-14,030,Jasmine's Jolteon 1st Edition,557,289,166
2026-04-14,031,Jasmine's Ampharos 1st Edition,331,191,103
2026-04-14,032,Jasmine's Steelix-Holo 1st Edition,814,262,358
2026-04-14,033,Chuck's Primeape 1st Edition,169,112,37
2026-04-14,034,Chuck's Poliwrath 1st Edition,198,121,50
2026-04-14,035,Chuck's Rhydon 1st Edition,183,114,51
2026-04-14,036,Chuck's Tauros 1st Edition,259,161,73
2026-04-14,037,Chuck's Granbull 1st Edition,239,157,64
2026-04-14,038,Chuck's Donphan 1st Edition,361,213,110
2026-04-14,039,Pryce's Dewgong 1st Edition,238,128,86
2026-04-14,040,Pryce's Cloyster 1st Edition,406,249,110
2026-04-14,041,Pryce's Lapras,172,48,60
2026-04-14,041,Pryce's Lapras 1st Edition,292,156,95
2026-04-14,042,Pryce's Articuno 1st Edition,414,223,126
2026-04-14,043,Pryce's Sneasel-Holo 1st Edition,662,338,161
2026-04-14,044,Pryce's Piloswine 1st Edition,184,96,71
2026-04-14,045,Pryce's Delibird 1st Edition,203,99,75
2026-04-14,046,Clair's Blastoise 1st Edition,704,317,247
2026-04-14,047,Clair's Jynx 1st Edition,215,113,74
2026-04-14,048,Clair's Gyarados 1st Edition,496,244,164
2026-04-14,049,Clair's Dragonite 1st Edition,937,399,338
2026-04-14,050,Clair's Politoed 1st Edition,221,127,68
2026-04-14,051,Clair's Mantine 1st Edition,382,216,125
2026-04-14,052,Clair's Kingdra 1st Edition,207,109,67
2026-04-14,053,LT. Surge's Raichu 1st Edition,482,242,157
2026-04-14,054,LT. Surge's Lanturn 1st Edition,200,93,85
2026-04-14,055,Sabrina's Xatu 1st Edition,193,101,71
2026-04-14,056,Sabrina's Espeon 1st Edition,757,366,236
2026-04-14,057,Misty's Lapras 1st Edition,332,173,106
2026-04-14,058,Misty's Quagsire 1st Edition,236,134,73
2026-04-14,059,Erika's Bellossom 1st Edition,191,107,62
2026-04-14,060,Erika's Jumpluff 1st Edition,174,99,55
2026-04-14,061,Janine's Beedrill 1st Edition,376,232,112
2026-04-14,062,Janine's Arbok 1st Edition,178,96,56
2026-04-14,063,Janine's Venomoth 1st Edition,172,100,56
2026-04-14,064,Janine's Weezing 1st Edition,162,91,51
2026-04-14,065,Janine's Ariados 1st Edition,166,85,62
2026-04-14,066,Janine's Crobat 1st Edition,218,130,71
2026-04-14,067,Janine's Shuckle 1st Edition,205,129,55
2026-04-14,068,Brock's Omastar 1st Edition,189,110,57
2026-04-14,069,Brock's Kabutops 1st Edition,208,113,62
2026-04-14,070,Blaine's Typhlosion 1st Edition,540,253,180
2026-04-14,071,Blaine's Magcargo 1st Edition,229,129,68
2026-04-14,072,Will's Slowbro 1st Edition,280,170,82
2026-04-14,073,Will's Exeggutor 1st Edition,189,125,51
2026-04-14,074,Will's Jynx 1st Edition,233,143,73
2026-04-14,075,Will's Xatu 1st Edition,161,109,39
2026-04-14,076,Will's Espeon 1st Edition,573,274,197
2026-04-14,077,Will's Slowking 1st Edition,276,153,85
2026-04-14,078,Will's Girafarig 1st Edition,323,224,79
2026-04-14,079,Koga's Crobat 1st Edition,219,127,66
2026-04-14,080,Koga's Forretress 1st Edition,168,100,46
2026-04-14,081,Bruno's Machamp 1st Edition,209,117,63
2026-04-14,082,Bruno's Hitmonlee 1st Edition,182,105,53
2026-04-14,083,Bruno's Hitmonchan 1st Edition,407,258,118
2026-04-14,084,Bruno's Steelix-Holo 1st Edition,721,256,275
2026-04-14,085,Bruno's Ursaring 1st Edition,260,169,74
2026-04-14,086,Bruno's Hitmontop 1st Edition,176,103,59
2026-04-14,087,Karen's Rapidash 1st Edition,426,266,118
2026-04-14,088,Karen's Magmar 1st Edition,264,140,82
2026-04-14,089,Karen's Flareon 1st Edition,632,330,208
2026-04-14,090,Karen's Tyranitar-Holo 1st Edition,"1,319",586,342
2026-04-14,091,Karen's Umbreon-Holo 1st Edition,"3,272",906,897
2026-04-14,092,Karen's Houndoom 1st Edition,494,231,181
2026-04-14,093,Rocket's Wobbuffet-Holo 1st Edition,790,295,297
2026-04-14,094,Rocket's Raikou-Holo 1st Edition,"1,054",475,312
2026-04-14,095,Rocket's Entei-Holo 1st Edition,"1,184",364,479
2026-04-14,096,Rocket's Suicune-Holo 1st Edition,"1,107",464,338
2026-04-14,097,Lance's Charizard 1st Edition,"1,994",686,600
2026-04-14,098,Lance's Gyarados 1st Edition,795,343,262
2026-04-14,099,Lance's Aerodactyl 1st Edition,483,211,187
2026-04-14,100,Lance's Dragonite 1st Edition,"1,089",479,377
2026-04-14,101,Lance's Ampharos 1st Edition,481,261,146
2026-04-14,102,Lance's Kingdra 1st Edition,418,198,148
2026-04-14,103,Falkner's TM 01 1st Edition,72,31,29
2026-04-14,104,Falkner's TM 02 1st Edition,53,15,23
2026-04-14,105,Bugsy's TM 01 1st Edition,67,35,25
2026-04-14,106,Bugsy's TM 02 1st Edition,53,21,19
2026-04-14,107,Whitney's TM 01 1st Edition,69,25,30
2026-04-14,108,Whitney's TM 02 1st Edition,63,28,22
2026-04-14,109,Morty's TM 01 1st Edition,51,22,18
2026-04-14,110,Morty's TM 02 1st Edition,55,21,16
2026-04-14,111,Jasmine's TM 01 1st Edition,68,25,30
2026-04-14,112,Jasmine's TM 02 1st Edition,51,23,16
2026-04-14,113,Chuck's TM 01 1st Edition,58,22,19
2026-04-14,114,Chuck's TM 02 1st Edition,58,14,26
2026-04-14,115,Pryce's TM 01 1st Edition,59,24,23
2026-04-14,116,Pryce's TM 02 1st Edition,55,22,17
2026-04-14,117,Clair's TM 01 1st Edition,80,37,29
2026-04-14,118,Clair's TM 02 1st Edition,73,8,38
2026-04-14,119,Janine's TM 01 1st Edition,66,25,25
2026-04-14,120,Janine's TM 02 1st Edition,44,9,22
2026-04-14,121,Will's TM 01 1st Edition,58,23,22
2026-04-14,122,Will's TM 02 1st Edition,47,23,13
2026-04-14,123,Bruno's TM 01 1st Edition,46,17,21
2026-04-14,124,Bruno's TM 02 1st Edition,47,13,15
2026-04-14,125,Karen's TM 01 1st Edition,78,24,42
2026-04-14,126,Karen's TM 02 1st Edition,74,17,35
2026-04-14,127,Rocket's TM 01 1st Edition,45,14,13
2026-04-14,128,Lance's TM 01 1st Edition,72,15,30
2026-04-14,129,Lance's TM 02 1st Edition,64,10,26
2026-04-14,130,Potion 1st Edition,153,76,51
2026-04-14,131,Moo-Moo Milk 1st Edition,151,87,42
2026-04-14,132,Full Heal 1st Edition,128,82,29
2026-04-14,133,Pokemon Reverse 1st Edition,127,67,44
2026-04-14,134,Switch 1st Edition,154,103,39
2026-04-14,135,Warp Point 1st Edition,120,77,33
2026-04-14,136,Super Scoop Up 1st Edition,146,85,46
2026-04-14,137,Energy Flow 1st Edition,133,86,35
2026-04-14,138,Energy Charge 1st Edition,114,74,26
2026-04-14,139,Energy Ark 1st Edition,163,96,47
2026-04-14,140,Energy Restore 1st Edition,124,77,38
2026-04-14,141,Master Ball 1st Edition,161,94,47
2026-04-14,142,Rocket's Tyranitar-Holo 1st Edition,"1,297",432,364
2026-04-14,N/A,Darkness Energy-Holo,989,412,419
2026-04-14,N/A,Fighting Energy,91,54,26
2026-04-14,N/A,Fire Energy,87,62,16
2026-04-14,N/A,Grass Energy,97,61,33
2026-04-14,N/A,Lightning Energy,84,58,17
2026-04-14,N/A,Metal Energy-Holo,742,368,279
2026-04-14,N/A,Psychic Energy,97,63,25
2026-04-14,N/A,Rainbow Energy-Holo,870,308,368
2026-04-14,N/A,Water Energy,88,62,19
2026-04-16,,TOTAL POPULATION,"52,931","24,642","17,303"
2026-04-16,001,Falkner's Pidgeot 1st Edition,284,101,112
2026-04-16,002,Falkner's Fearow 1st Edition,351,135,137
2026-04-16,003,Falkner's Farfetch'd 1st Edition,269,122,116
2026-04-16,004,Falkner's Dodrio 1st Edition,237,124,86
2026-04-16,005,Falkner's Togetic 1st Edition,316,169,111
2026-04-16,006,Falkner's Delibird 1st Edition,281,128,117
2026-04-16,007,Falkner's Skarmory-Holo 1st Edition,680,266,240
2026-04-16,008,Bugsy's Butterfree 1st Edition,197,104,55
2026-04-16,009,Bugsy's Beedrill 1st Edition,192,106,65
2026-04-16,010,Bugsy's Pinsir 1st Edition,194,101,66
2026-04-16,011,Bugsy's Ledian 1st Edition,180,96,69
2026-04-16,012,Bugsy's Yanma 1st Edition,315,175,102
2026-04-16,013,Bugsy's Scizor-Holo 1st Edition,"1,041",317,414
2026-04-16,014,Whitney's Clefable 1st Edition,272,160,82
2026-04-16,015,Whitney's Wigglytuff 1st Edition,289,170,82
2026-04-16,016,Whitney's Persian 1st Edition,260,160,70
2026-04-16,017,Whitney's Lickitung 1st Edition,261,150,78
2026-04-16,018,Whitney's Furret 1st Edition,407,222,141
2026-04-16,019,Whitney's Miltank 1st Edition,256,115,106
2026-04-16,020,Morty's Ninetales 1st Edition,366,193,120
2026-04-16,021,Morty's Gengar 1st Edition,"1,025",413,327
2026-04-16,022,Morty's Hypno 1st Edition,433,269,106
2026-04-16,023,Morty's Marowak 1st Edition,205,117,65
2026-04-16,024,Morty's Noctowl 1st Edition,280,172,76
2026-04-16,025,Morty's Murkrow-Holo 1st Edition,699,305,235
2026-04-16,026,Morty's Misdreavus 1st Edition,252,123,87
2026-04-16,027,Jasmine's Raichu 1st Edition,783,449,231
2026-04-16,028,Jasmine's Magneton 1st Edition,251,126,97
2026-04-16,029,Jasmine's Electabuzz 1st Edition,261,151,81
2026-04-16,030,Jasmine's Jolteon 1st Edition,559,289,168
2026-04-16,031,Jasmine's Ampharos 1st Edition,332,191,104
2026-04-16,032,Jasmine's Steelix-Holo 1st Edition,818,263,360
2026-04-16,033,Chuck's Primeape 1st Edition,170,112,38
2026-04-16,034,Chuck's Poliwrath 1st Edition,199,121,50
2026-04-16,035,Chuck's Rhydon 1st Edition,184,114,51
2026-04-16,036,Chuck's Tauros 1st Edition,262,163,73
2026-04-16,037,Chuck's Granbull 1st Edition,240,157,65
2026-04-16,038,Chuck's Donphan 1st Edition,362,214,110
2026-04-16,039,Pryce's Dewgong 1st Edition,239,128,87
2026-04-16,040,Pryce's Cloyster 1st Edition,408,249,111
2026-04-16,041,Pryce's Lapras,172,48,60
2026-04-16,041,Pryce's Lapras 1st Edition,293,157,95
2026-04-16,042,Pryce's Articuno 1st Edition,414,223,126
2026-04-16,043,Pryce's Sneasel-Holo 1st Edition,663,338,161
2026-04-16,044,Pryce's Piloswine 1st Edition,184,96,71
2026-04-16,045,Pryce's Delibird 1st Edition,204,99,76
2026-04-16,046,Clair's Blastoise 1st Edition,706,318,247
2026-04-16,047,Clair's Jynx 1st Edition,217,114,74
2026-04-16,048,Clair's Gyarados 1st Edition,499,244,165
2026-04-16,049,Clair's Dragonite 1st Edition,940,399,340
2026-04-16,050,Clair's Politoed 1st Edition,223,127,69
2026-04-16,051,Clair's Mantine 1st Edition,383,216,125
2026-04-16,052,Clair's Kingdra 1st Edition,209,109,68
2026-04-16,053,LT. Surge's Raichu 1st Edition,484,242,159
2026-04-16,054,LT. Surge's Lanturn 1st Edition,200,93,85
2026-04-16,055,Sabrina's Xatu 1st Edition,194,101,72
2026-04-16,056,Sabrina's Espeon 1st Edition,760,366,239
2026-04-16,057,Misty's Lapras 1st Edition,332,173,106
2026-04-16,058,Misty's Quagsire 1st Edition,237,134,74
2026-04-16,059,Erika's Bellossom 1st Edition,193,107,63
2026-04-16,060,Erika's Jumpluff 1st Edition,176,99,57
2026-04-16,061,Janine's Beedrill 1st Edition,377,232,113
2026-04-16,062,Janine's Arbok 1st Edition,179,97,56
2026-04-16,063,Janine's Venomoth 1st Edition,174,101,57
2026-04-16,064,Janine's Weezing 1st Edition,163,92,51
2026-04-16,065,Janine's Ariados 1st Edition,167,85,63
2026-04-16,066,Janine's Crobat 1st Edition,219,130,72
2026-04-16,067,Janine's Shuckle 1st Edition,207,129,56
2026-04-16,068,Brock's Omastar 1st Edition,190,110,58
2026-04-16,069,Brock's Kabutops 1st Edition,209,113,63
2026-04-16,070,Blaine's Typhlosion 1st Edition,541,253,180
2026-04-16,071,Blaine's Magcargo 1st Edition,229,129,68
2026-04-16,072,Will's Slowbro 1st Edition,281,170,82
2026-04-16,073,Will's Exeggutor 1st Edition,190,125,52
2026-04-16,074,Will's Jynx 1st Edition,234,144,73
2026-04-16,075,Will's Xatu 1st Edition,162,109,40
2026-04-16,076,Will's Espeon 1st Edition,573,274,197
2026-04-16,077,Will's Slowking 1st Edition,278,153,86
2026-04-16,078,Will's Girafarig 1st Edition,324,225,79
2026-04-16,079,Koga's Crobat 1st Edition,220,127,67
2026-04-16,080,Koga's Forretress 1st Edition,169,100,47
2026-04-16,081,Bruno's Machamp 1st Edition,210,117,64
2026-04-16,082,Bruno's Hitmonlee 1st Edition,183,105,53
2026-04-16,083,Bruno's Hitmonchan 1st Edition,409,258,119
2026-04-16,084,Bruno's Steelix-Holo 1st Edition,721,256,275
2026-04-16,085,Bruno's Ursaring 1st Edition,261,169,75
2026-04-16,086,Bruno's Hitmontop 1st Edition,177,103,60
2026-04-16,087,Karen's Rapidash 1st Edition,428,267,119
2026-04-16,088,Karen's Magmar 1st Edition,265,140,83
2026-04-16,089,Karen's Flareon 1st Edition,632,330,208
2026-04-16,090,Karen's Tyranitar-Holo 1st Edition,"1,321",586,342
2026-04-16,091,Karen's Umbreon-Holo 1st Edition,"3,281",906,903
2026-04-16,092,Karen's Houndoom 1st Edition,495,232,181
2026-04-16,093,Rocket's Wobbuffet-Holo 1st Edition,793,297,297
2026-04-16,094,Rocket's Raikou-Holo 1st Edition,"1,054",475,312
2026-04-16,095,Rocket's Entei-Holo 1st Edition,"1,185",364,479
2026-04-16,096,Rocket's Suicune-Holo 1st Edition,"1,106",464,337
2026-04-16,097,Lance's Charizard 1st Edition,"2,000",688,602
2026-04-16,098,Lance's Gyarados 1st Edition,801,346,262
2026-04-16,099,Lance's Aerodactyl 1st Edition,483,211,187
2026-04-16,100,Lance's Dragonite 1st Edition,"1,093",480,377
2026-04-16,101,Lance's Ampharos 1st Edition,482,261,146
2026-04-16,102,Lance's Kingdra 1st Edition,421,198,149
2026-04-16,103,Falkner's TM 01 1st Edition,72,31,29
2026-04-16,104,Falkner's TM 02 1st Edition,53,15,23
2026-04-16,105,Bugsy's TM 01 1st Edition,67,35,25
2026-04-16,106,Bugsy's TM 02 1st Edition,53,21,19
2026-04-16,107,Whitney's TM 01 1st Edition,69,25,30
2026-04-16,108,Whitney's TM 02 1st Edition,63,28,22
2026-04-16,109,Morty's TM 01 1st Edition,51,22,18
2026-04-16,110,Morty's TM 02 1st Edition,55,21,16
2026-04-16,111,Jasmine's TM 01 1st Edition,68,25,30
2026-04-16,112,Jasmine's TM 02 1st Edition,51,23,16
2026-04-16,113,Chuck's TM 01 1st Edition,58,22,19
2026-04-16,114,Chuck's TM 02 1st Edition,58,14,26
2026-04-16,115,Pryce's TM 01 1st Edition,59,24,23
2026-04-16,116,Pryce's TM 02 1st Edition,55,22,17
2026-04-16,117,Clair's TM 01 1st Edition,81,37,29
2026-04-16,118,Clair's TM 02 1st Edition,74,8,38
2026-04-16,119,Janine's TM 01 1st Edition,66,25,25
2026-04-16,120,Janine's TM 02 1st Edition,44,9,22
2026-04-16,121,Will's TM 01 1st Edition,58,23,22
2026-04-16,122,Will's TM 02 1st Edition,47,23,13
2026-04-16,123,Bruno's TM 01 1st Edition,47,17,21
2026-04-16,124,Bruno's TM 02 1st Edition,47,13,15
2026-04-16,125,Karen's TM 01 1st Edition,78,24,42
2026-04-16,126,Karen's TM 02 1st Edition,74,17,35
2026-04-16,127,Rocket's TM 01 1st Edition,45,14,13
2026-04-16,128,Lance's TM 01 1st Edition,72,15,30
2026-04-16,129,Lance's TM 02 1st Edition,64,10,26
2026-04-16,130,Potion 1st Edition,153,76,51
2026-04-16,131,Moo-Moo Milk 1st Edition,151,87,42
2026-04-16,132,Full Heal 1st Edition,128,82,29
2026-04-16,133,Pokemon Reverse 1st Edition,127,67,44
2026-04-16,134,Switch 1st Edition,154,103,39
2026-04-16,135,Warp Point 1st Edition,120,77,33
2026-04-16,136,Super Scoop Up 1st Edition,146,85,46
2026-04-16,137,Energy Flow 1st Edition,133,86,35
2026-04-16,138,Energy Charge 1st Edition,114,74,26
2026-04-16,139,Energy Ark 1st Edition,163,96,47
2026-04-16,140,Energy Restore 1st Edition,124,77,38
2026-04-16,141,Master Ball 1st Edition,161,94,47
2026-04-16,142,Rocket's Tyranitar-Holo 1st Edition,"1,299",432,365
2026-04-16,N/A,Darkness Energy-Holo,990,412,419
2026-04-16,N/A,Fighting Energy,91,54,26
2026-04-16,N/A,Fire Energy,87,62,16
2026-04-16,N/A,Grass Energy,97,61,33
2026-04-16,N/A,Lightning Energy,84,58,17
2026-04-16,N/A,Metal Energy-Holo,742,368,279
2026-04-16,N/A,Psychic Energy,97,63,25
2026-04-16,N/A,Rainbow Energy-Holo,873,309,370
2026-04-16,N/A,Water Energy,88,62,19
2026-04-20,,TOTAL POPULATION,"53,107","24,701","17,384"
2026-04-20,001,Falkner's Pidgeot 1st Edition,285,101,113
2026-04-20,002,Falkner's Fearow 1st Edition,353,135,138
2026-04-20,003,Falkner's Farfetch'd 1st Edition,270,123,116
2026-04-20,004,Falkner's Dodrio 1st Edition,238,124,87
2026-04-20,005,Falkner's Togetic 1st Edition,316,169,111
2026-04-20,006,Falkner's Delibird 1st Edition,282,128,118
2026-04-20,007,Falkner's Skarmory-Holo 1st Edition,681,266,241
2026-04-20,008,Bugsy's Butterfree 1st Edition,197,104,55
2026-04-20,009,Bugsy's Beedrill 1st Edition,192,106,65
2026-04-20,010,Bugsy's Pinsir 1st Edition,194,101,66
2026-04-20,011,Bugsy's Ledian 1st Edition,180,96,69
2026-04-20,012,Bugsy's Yanma 1st Edition,316,176,102
2026-04-20,013,Bugsy's Scizor-Holo 1st Edition,"1,044",318,415
2026-04-20,014,Whitney's Clefable 1st Edition,273,160,82
2026-04-20,015,Whitney's Wigglytuff 1st Edition,289,170,82
2026-04-20,016,Whitney's Persian 1st Edition,261,160,71
2026-04-20,017,Whitney's Lickitung 1st Edition,261,150,78
2026-04-20,018,Whitney's Furret 1st Edition,407,222,141
2026-04-20,019,Whitney's Miltank 1st Edition,257,115,107
2026-04-20,020,Morty's Ninetales 1st Edition,367,193,121
2026-04-20,021,Morty's Gengar 1st Edition,"1,030",414,330
2026-04-20,022,Morty's Hypno 1st Edition,434,270,106
2026-04-20,023,Morty's Marowak 1st Edition,206,117,66
2026-04-20,024,Morty's Noctowl 1st Edition,281,172,77
2026-04-20,025,Morty's Murkrow-Holo 1st Edition,700,305,236
2026-04-20,026,Morty's Misdreavus 1st Edition,253,123,88
2026-04-20,027,Jasmine's Raichu 1st Edition,785,451,231
2026-04-20,028,Jasmine's Magneton 1st Edition,251,126,97
2026-04-20,029,Jasmine's Electabuzz 1st Edition,261,151,81
2026-04-20,030,Jasmine's Jolteon 1st Edition,559,289,168
2026-04-20,031,Jasmine's Ampharos 1st Edition,334,191,105
2026-04-20,032,Jasmine's Steelix-Holo 1st Edition,822,264,362
2026-04-20,033,Chuck's Primeape 1st Edition,170,112,38
2026-04-20,034,Chuck's Poliwrath 1st Edition,199,121,50
2026-04-20,035,Chuck's Rhydon 1st Edition,184,114,51
2026-04-20,036,Chuck's Tauros 1st Edition,263,164,73
2026-04-20,037,Chuck's Granbull 1st Edition,240,157,65
2026-04-20,038,Chuck's Donphan 1st Edition,364,216,110
2026-04-20,039,Pryce's Dewgong 1st Edition,240,128,88
2026-04-20,040,Pryce's Cloyster 1st Edition,409,250,111
2026-04-20,041,Pryce's Lapras,174,48,61
2026-04-20,041,Pryce's Lapras 1st Edition,296,158,97
2026-04-20,042,Pryce's Articuno 1st Edition,414,223,126
2026-04-20,043,Pryce's Sneasel-Holo 1st Edition,664,338,161
2026-04-20,044,Pryce's Piloswine 1st Edition,184,96,71
2026-04-20,045,Pryce's Delibird 1st Edition,205,100,76
2026-04-20,046,Clair's Blastoise 1st Edition,708,319,247
2026-04-20,047,Clair's Jynx 1st Edition,218,114,75
2026-04-20,048,Clair's Gyarados 1st Edition,500,244,166
2026-04-20,049,Clair's Dragonite 1st Edition,943,401,340
2026-04-20,050,Clair's Politoed 1st Edition,225,127,71
2026-04-20,051,Clair's Mantine 1st Edition,385,217,126
2026-04-20,052,Clair's Kingdra 1st Edition,210,110,68
2026-04-20,053,LT. Surge's Raichu 1st Edition,484,242,159
2026-04-20,054,LT. Surge's Lanturn 1st Edition,201,94,85
2026-04-20,055,Sabrina's Xatu 1st Edition,194,101,72
2026-04-20,056,Sabrina's Espeon 1st Edition,762,366,240
2026-04-20,057,Misty's Lapras 1st Edition,333,174,106
2026-04-20,058,Misty's Quagsire 1st Edition,241,135,76
2026-04-20,059,Erika's Bellossom 1st Edition,194,107,63
2026-04-20,060,Erika's Jumpluff 1st Edition,176,99,57
2026-04-20,061,Janine's Beedrill 1st Edition,378,233,113
2026-04-20,062,Janine's Arbok 1st Edition,180,97,57
2026-04-20,063,Janine's Venomoth 1st Edition,174,101,57
2026-04-20,064,Janine's Weezing 1st Edition,163,92,51
2026-04-20,065,Janine's Ariados 1st Edition,167,85,63
2026-04-20,066,Janine's Crobat 1st Edition,219,130,72
2026-04-20,067,Janine's Shuckle 1st Edition,210,130,58
2026-04-20,068,Brock's Omastar 1st Edition,190,110,58
2026-04-20,069,Brock's Kabutops 1st Edition,209,113,63
2026-04-20,070,Blaine's Typhlosion 1st Edition,543,254,181
2026-04-20,071,Blaine's Magcargo 1st Edition,229,129,68
2026-04-20,072,Will's Slowbro 1st Edition,282,171,82
2026-04-20,073,Will's Exeggutor 1st Edition,190,125,52
2026-04-20,074,Will's Jynx 1st Edition,235,144,74
2026-04-20,075,Will's Xatu 1st Edition,162,109,40
2026-04-20,076,Will's Espeon 1st Edition,574,275,197
2026-04-20,077,Will's Slowking 1st Edition,280,154,87
2026-04-20,078,Will's Girafarig 1st Edition,325,226,79
2026-04-20,079,Koga's Crobat 1st Edition,222,128,68
2026-04-20,080,Koga's Forretress 1st Edition,169,100,47
2026-04-20,081,Bruno's Machamp 1st Edition,212,117,66
2026-04-20,082,Bruno's Hitmonlee 1st Edition,187,106,56
2026-04-20,083,Bruno's Hitmonchan 1st Edition,412,261,119
2026-04-20,084,Bruno's Steelix-Holo 1st Edition,727,256,278
2026-04-20,085,Bruno's Ursaring 1st Edition,262,170,75
2026-04-20,086,Bruno's Hitmontop 1st Edition,178,104,60
2026-04-20,087,Karen's Rapidash 1st Edition,430,269,119
2026-04-20,088,Karen's Magmar 1st Edition,266,140,84
2026-04-20,089,Karen's Flareon 1st Edition,632,330,208
2026-04-20,090,Karen's Tyranitar-Holo 1st Edition,"1,323",588,342
2026-04-20,091,Karen's Umbreon-Holo 1st Edition,"3,289",908,905
2026-04-20,092,Karen's Houndoom 1st Edition,496,233,181
2026-04-20,093,Rocket's Wobbuffet-Holo 1st Edition,797,298,298
2026-04-20,094,Rocket's Raikou-Holo 1st Edition,"1,055",475,313
2026-04-20,095,Rocket's Entei-Holo 1st Edition,"1,196",368,484
2026-04-20,096,Rocket's Suicune-Holo 1st Edition,"1,109",465,338
2026-04-20,097,Lance's Charizard 1st Edition,"2,008",689,606
2026-04-20,098,Lance's Gyarados 1st Edition,802,346,263
2026-04-20,099,Lance's Aerodactyl 1st Edition,483,211,187
2026-04-20,100,Lance's Dragonite 1st Edition,"1,096",480,380
2026-04-20,101,Lance's Ampharos 1st Edition,487,261,148
2026-04-20,102,Lance's Kingdra 1st Edition,422,198,150
2026-04-20,103,Falkner's TM 01 1st Edition,72,31,29
2026-04-20,104,Falkner's TM 02 1st Edition,53,15,23
2026-04-20,105,Bugsy's TM 01 1st Edition,67,35,25
2026-04-20,106,Bugsy's TM 02 1st Edition,53,21,19
2026-04-20,107,Whitney's TM 01 1st Edition,69,25,30
2026-04-20,108,Whitney's TM 02 1st Edition,63,28,22
2026-04-20,109,Morty's TM 01 1st Edition,51,22,18
2026-04-20,110,Morty's TM 02 1st Edition,55,21,16
2026-04-20,111,Jasmine's TM 01 1st Edition,68,25,30
2026-04-20,112,Jasmine's TM 02 1st Edition,51,23,16
2026-04-20,113,Chuck's TM 01 1st Edition,58,22,19
2026-04-20,114,Chuck's TM 02 1st Edition,58,14,26
2026-04-20,115,Pryce's TM 01 1st Edition,59,24,23
2026-04-20,116,Pryce's TM 02 1st Edition,55,22,17
2026-04-20,117,Clair's TM 01 1st Edition,81,37,29
2026-04-20,118,Clair's TM 02 1st Edition,74,8,38
2026-04-20,119,Janine's TM 01 1st Edition,66,25,25
2026-04-20,120,Janine's TM 02 1st Edition,44,9,22
2026-04-20,121,Will's TM 01 1st Edition,58,23,22
2026-04-20,122,Will's TM 02 1st Edition,47,23,13
2026-04-20,123,Bruno's TM 01 1st Edition,47,17,21
2026-04-20,124,Bruno's TM 02 1st Edition,47,13,15
2026-04-20,125,Karen's TM 01 1st Edition,79,24,43
2026-04-20,126,Karen's TM 02 1st Edition,74,17,35
2026-04-20,127,Rocket's TM 01 1st Edition,45,14,13
2026-04-20,128,Lance's TM 01 1st Edition,72,15,30
2026-04-20,129,Lance's TM 02 1st Edition,64,10,26
2026-04-20,130,Potion 1st Edition,155,77,52
2026-04-20,131,Moo-Moo Milk 1st Edition,151,87,42
2026-04-20,132,Full Heal 1st Edition,129,83,29
2026-04-20,133,Pokemon Reverse 1st Edition,128,67,45
2026-04-20,134,Switch 1st Edition,156,104,40
2026-04-20,135,Warp Point 1st Edition,121,77,34
2026-04-20,136,Super Scoop Up 1st Edition,148,86,46
2026-04-20,137,Energy Flow 1st Edition,134,86,36
2026-04-20,138,Energy Charge 1st Edition,115,74,27
2026-04-20,139,Energy Ark 1st Edition,164,97,47
2026-04-20,140,Energy Restore 1st Edition,125,77,39
2026-04-20,141,Master Ball 1st Edition,161,94,47
2026-04-20,142,Rocket's Tyranitar-Holo 1st Edition,"1,302",432,365
2026-04-20,N/A,Darkness Energy-Holo,992,413,420
2026-04-20,N/A,Fighting Energy,92,54,27
2026-04-20,N/A,Fire Energy,88,63,16
2026-04-20,N/A,Grass Energy,98,62,33
2026-04-20,N/A,Lightning Energy,85,58,17
2026-04-20,N/A,Metal Energy-Holo,743,369,279
2026-04-20,N/A,Psychic Energy,98,63,26
2026-04-20,N/A,Rainbow Energy-Holo,874,309,371
2026-04-20,N/A,Water Energy,89,62,20
2026-04-22,,TOTAL POPULATION,"53,185","24,711","17,426"
2026-04-22,001,Falkner's Pidgeot 1st Edition,286,101,113
2026-04-22,002,Falkner's Fearow 1st Edition,353,135,138
2026-04-22,003,Falkner's Farfetch'd 1st Edition,271,123,117
2026-04-22,004,Falkner's Dodrio 1st Edition,238,124,87
2026-04-22,005,Falkner's Togetic 1st Edition,316,169,111
2026-04-22,006,Falkner's Delibird 1st Edition,283,129,118
2026-04-22,007,Falkner's Skarmory-Holo 1st Edition,681,266,241
2026-04-22,008,Bugsy's Butterfree 1st Edition,198,104,56
2026-04-22,009,Bugsy's Beedrill 1st Edition,192,106,65
2026-04-22,010,Bugsy's Pinsir 1st Edition,194,101,66
2026-04-22,011,Bugsy's Ledian 1st Edition,180,96,69
2026-04-22,012,Bugsy's Yanma 1st Edition,316,176,102
2026-04-22,013,Bugsy's Scizor-Holo 1st Edition,"1,045",318,416
2026-04-22,014,Whitney's Clefable 1st Edition,273,160,82
2026-04-22,015,Whitney's Wigglytuff 1st Edition,289,170,82
2026-04-22,016,Whitney's Persian 1st Edition,261,160,71
2026-04-22,017,Whitney's Lickitung 1st Edition,261,150,78
2026-04-22,018,Whitney's Furret 1st Edition,407,222,141
2026-04-22,019,Whitney's Miltank 1st Edition,257,115,107
2026-04-22,020,Morty's Ninetales 1st Edition,368,193,122
2026-04-22,021,Morty's Gengar 1st Edition,"1,037",414,334
2026-04-22,022,Morty's Hypno 1st Edition,434,270,106
2026-04-22,023,Morty's Marowak 1st Edition,206,117,66
2026-04-22,024,Morty's Noctowl 1st Edition,281,172,77
2026-04-22,025,Morty's Murkrow-Holo 1st Edition,701,305,236
2026-04-22,026,Morty's Misdreavus 1st Edition,253,123,88
2026-04-22,027,Jasmine's Raichu 1st Edition,787,451,233
2026-04-22,028,Jasmine's Magneton 1st Edition,251,126,97
2026-04-22,029,Jasmine's Electabuzz 1st Edition,263,151,83
2026-04-22,030,Jasmine's Jolteon 1st Edition,559,289,168
2026-04-22,031,Jasmine's Ampharos 1st Edition,334,191,105
2026-04-22,032,Jasmine's Steelix-Holo 1st Edition,822,264,362
2026-04-22,033,Chuck's Primeape 1st Edition,170,112,38
2026-04-22,034,Chuck's Poliwrath 1st Edition,199,121,50
2026-04-22,035,Chuck's Rhydon 1st Edition,184,114,51
2026-04-22,036,Chuck's Tauros 1st Edition,263,164,73
2026-04-22,037,Chuck's Granbull 1st Edition,240,157,65
2026-04-22,038,Chuck's Donphan 1st Edition,364,216,110
2026-04-22,039,Pryce's Dewgong 1st Edition,240,128,88
2026-04-22,040,Pryce's Cloyster 1st Edition,409,250,111
2026-04-22,041,Pryce's Lapras,177,48,61
2026-04-22,041,Pryce's Lapras 1st Edition,296,158,97
2026-04-22,042,Pryce's Articuno 1st Edition,414,223,126
2026-04-22,043,Pryce's Sneasel-Holo 1st Edition,664,338,161
2026-04-22,044,Pryce's Piloswine 1st Edition,184,96,71
2026-04-22,045,Pryce's Delibird 1st Edition,205,100,76
2026-04-22,046,Clair's Blastoise 1st Edition,708,319,247
2026-04-22,047,Clair's Jynx 1st Edition,218,114,75
2026-04-22,048,Clair's Gyarados 1st Edition,500,244,166
2026-04-22,049,Clair's Dragonite 1st Edition,946,402,342
2026-04-22,050,Clair's Politoed 1st Edition,226,127,72
2026-04-22,051,Clair's Mantine 1st Edition,386,217,127
2026-04-22,052,Clair's Kingdra 1st Edition,211,110,68
2026-04-22,053,LT. Surge's Raichu 1st Edition,485,242,160
2026-04-22,054,LT. Surge's Lanturn 1st Edition,201,94,85
2026-04-22,055,Sabrina's Xatu 1st Edition,194,101,72
2026-04-22,056,Sabrina's Espeon 1st Edition,763,367,240
2026-04-22,057,Misty's Lapras 1st Edition,333,174,106
2026-04-22,058,Misty's Quagsire 1st Edition,242,135,77
2026-04-22,059,Erika's Bellossom 1st Edition,195,107,64
2026-04-22,060,Erika's Jumpluff 1st Edition,176,99,57
2026-04-22,061,Janine's Beedrill 1st Edition,378,233,113
2026-04-22,062,Janine's Arbok 1st Edition,180,97,57
2026-04-22,063,Janine's Venomoth 1st Edition,174,101,57
2026-04-22,064,Janine's Weezing 1st Edition,164,92,52
2026-04-22,065,Janine's Ariados 1st Edition,167,85,63
2026-04-22,066,Janine's Crobat 1st Edition,219,130,72
2026-04-22,067,Janine's Shuckle 1st Edition,210,130,58
2026-04-22,068,Brock's Omastar 1st Edition,190,110,58
2026-04-22,069,Brock's Kabutops 1st Edition,209,113,63
2026-04-22,070,Blaine's Typhlosion 1st Edition,544,255,181
2026-04-22,071,Blaine's Magcargo 1st Edition,229,129,68
2026-04-22,072,Will's Slowbro 1st Edition,282,171,82
2026-04-22,073,Will's Exeggutor 1st Edition,190,125,52
2026-04-22,074,Will's Jynx 1st Edition,235,144,74
2026-04-22,075,Will's Xatu 1st Edition,162,109,40
2026-04-22,076,Will's Espeon 1st Edition,575,275,197
2026-04-22,077,Will's Slowking 1st Edition,283,155,87
2026-04-22,078,Will's Girafarig 1st Edition,325,226,79
2026-04-22,079,Koga's Crobat 1st Edition,222,128,68
2026-04-22,080,Koga's Forretress 1st Edition,169,100,47
2026-04-22,081,Bruno's Machamp 1st Edition,212,117,66
2026-04-22,082,Bruno's Hitmonlee 1st Edition,188,106,56
2026-04-22,083,Bruno's Hitmonchan 1st Edition,412,261,119
2026-04-22,084,Bruno's Steelix-Holo 1st Edition,728,256,279
2026-04-22,085,Bruno's Ursaring 1st Edition,262,170,75
2026-04-22,086,Bruno's Hitmontop 1st Edition,178,104,60
2026-04-22,087,Karen's Rapidash 1st Edition,432,269,121
2026-04-22,088,Karen's Magmar 1st Edition,267,141,84
2026-04-22,089,Karen's Flareon 1st Edition,632,330,208
2026-04-22,090,Karen's Tyranitar-Holo 1st Edition,"1,325",588,343
2026-04-22,091,Karen's Umbreon-Holo 1st Edition,"3,297",908,907
2026-04-22,092,Karen's Houndoom 1st Edition,496,233,181
2026-04-22,093,Rocket's Wobbuffet-Holo 1st Edition,797,298,298
2026-04-22,094,Rocket's Raikou-Holo 1st Edition,"1,056",475,314
2026-04-22,095,Rocket's Entei-Holo 1st Edition,"1,198",368,485
2026-04-22,096,Rocket's Suicune-Holo 1st Edition,"1,112",467,339
2026-04-22,097,Lance's Charizard 1st Edition,"2,009",689,606
2026-04-22,098,Lance's Gyarados 1st Edition,804,347,264
2026-04-22,099,Lance's Aerodactyl 1st Edition,483,211,187
2026-04-22,100,Lance's Dragonite 1st Edition,"1,096",480,380
2026-04-22,101,Lance's Ampharos 1st Edition,487,261,148
2026-04-22,102,Lance's Kingdra 1st Edition,422,198,150
2026-04-22,103,Falkner's TM 01 1st Edition,72,31,29
2026-04-22,104,Falkner's TM 02 1st Edition,53,15,23
2026-04-22,105,Bugsy's TM 01 1st Edition,67,35,25
2026-04-22,106,Bugsy's TM 02 1st Edition,53,21,19
2026-04-22,107,Whitney's TM 01 1st Edition,69,25,30
2026-04-22,108,Whitney's TM 02 1st Edition,63,28,22
2026-04-22,109,Morty's TM 01 1st Edition,51,22,18
2026-04-22,110,Morty's TM 02 1st Edition,55,21,16
2026-04-22,111,Jasmine's TM 01 1st Edition,68,25,30
2026-04-22,112,Jasmine's TM 02 1st Edition,51,23,16
2026-04-22,113,Chuck's TM 01 1st Edition,58,22,19
2026-04-22,114,Chuck's TM 02 1st Edition,58,14,26
2026-04-22,115,Pryce's TM 01 1st Edition,59,24,23
2026-04-22,116,Pryce's TM 02 1st Edition,55,22,17
2026-04-22,117,Clair's TM 01 1st Edition,81,37,29
2026-04-22,118,Clair's TM 02 1st Edition,74,8,38
2026-04-22,119,Janine's TM 01 1st Edition,66,25,25
2026-04-22,120,Janine's TM 02 1st Edition,44,9,22
2026-04-22,121,Will's TM 01 1st Edition,58,23,22
2026-04-22,122,Will's TM 02 1st Edition,47,23,13
2026-04-22,123,Bruno's TM 01 1st Edition,47,17,21
2026-04-22,124,Bruno's TM 02 1st Edition,47,13,15
2026-04-22,125,Karen's TM 01 1st Edition,79,24,43
2026-04-22,126,Karen's TM 02 1st Edition,74,17,35
2026-04-22,127,Rocket's TM 01 1st Edition,45,14,13
2026-04-22,128,Lance's TM 01 1st Edition,72,15,30
2026-04-22,129,Lance's TM 02 1st Edition,64,10,26
2026-04-22,130,Potion 1st Edition,156,78,52
2026-04-22,131,Moo-Moo Milk 1st Edition,152,87,43
2026-04-22,132,Full Heal 1st Edition,130,83,29
2026-04-22,133,Pokemon Reverse 1st Edition,128,67,45
2026-04-22,134,Switch 1st Edition,157,104,40
2026-04-22,135,Warp Point 1st Edition,122,77,35
2026-04-22,136,Super Scoop Up 1st Edition,148,86,46
2026-04-22,137,Energy Flow 1st Edition,135,86,37
2026-04-22,138,Energy Charge 1st Edition,115,74,27
2026-04-22,139,Energy Ark 1st Edition,164,97,47
2026-04-22,140,Energy Restore 1st Edition,126,77,40
2026-04-22,141,Master Ball 1st Edition,161,94,47
2026-04-22,142,Rocket's Tyranitar-Holo 1st Edition,"1,304",432,367
2026-04-22,N/A,Darkness Energy-Holo,994,413,422
2026-04-22,N/A,Fighting Energy,93,54,27
2026-04-22,N/A,Fire Energy,89,63,17
2026-04-22,N/A,Grass Energy,99,62,33
2026-04-22,N/A,Lightning Energy,86,58,18
2026-04-22,N/A,Metal Energy-Holo,743,369,279
2026-04-22,N/A,Psychic Energy,99,63,27
2026-04-22,N/A,Rainbow Energy-Holo,874,309,371
2026-04-22,N/A,Water Energy,90,62,21
2026-04-24,,TOTAL POPULATION,"53,417","24,779","17,513"
2026-04-24,001,Falkner's Pidgeot 1st Edition,286,101,113
2026-04-24,002,Falkner's Fearow 1st Edition,354,135,139
2026-04-24,003,Falkner's Farfetch'd 1st Edition,272,123,118
2026-04-24,004,Falkner's Dodrio 1st Edition,239,124,87
2026-04-24,005,Falkner's Togetic 1st Edition,317,170,111
2026-04-24,006,Falkner's Delibird 1st Edition,284,129,118
2026-04-24,007,Falkner's Skarmory-Holo 1st Edition,682,266,242
2026-04-24,008,Bugsy's Butterfree 1st Edition,200,104,58
2026-04-24,009,Bugsy's Beedrill 1st Edition,194,108,65
2026-04-24,010,Bugsy's Pinsir 1st Edition,195,101,66
2026-04-24,011,Bugsy's Ledian 1st Edition,180,96,69
2026-04-24,012,Bugsy's Yanma 1st Edition,319,177,104
2026-04-24,013,Bugsy's Scizor-Holo 1st Edition,"1,049",318,416
2026-04-24,014,Whitney's Clefable 1st Edition,274,160,83
2026-04-24,015,Whitney's Wigglytuff 1st Edition,291,171,82
2026-04-24,016,Whitney's Persian 1st Edition,262,161,71
2026-04-24,017,Whitney's Lickitung 1st Edition,263,151,79
2026-04-24,018,Whitney's Furret 1st Edition,410,222,144
2026-04-24,019,Whitney's Miltank 1st Edition,258,115,108
2026-04-24,020,Morty's Ninetales 1st Edition,368,193,122
2026-04-24,021,Morty's Gengar 1st Edition,"1,040",414,334
2026-04-24,022,Morty's Hypno 1st Edition,437,271,107
2026-04-24,023,Morty's Marowak 1st Edition,206,117,66
2026-04-24,024,Morty's Noctowl 1st Edition,284,173,79
2026-04-24,025,Morty's Murkrow-Holo 1st Edition,703,306,236
2026-04-24,026,Morty's Misdreavus 1st Edition,254,124,88
2026-04-24,027,Jasmine's Raichu 1st Edition,791,452,234
2026-04-24,028,Jasmine's Magneton 1st Edition,255,127,100
2026-04-24,029,Jasmine's Electabuzz 1st Edition,266,152,85
2026-04-24,030,Jasmine's Jolteon 1st Edition,566,292,170
2026-04-24,031,Jasmine's Ampharos 1st Edition,339,193,108
2026-04-24,032,Jasmine's Steelix-Holo 1st Edition,824,264,363
2026-04-24,033,Chuck's Primeape 1st Edition,173,114,39
2026-04-24,034,Chuck's Poliwrath 1st Edition,200,121,50
2026-04-24,035,Chuck's Rhydon 1st Edition,186,114,52
2026-04-24,036,Chuck's Tauros 1st Edition,265,165,73
2026-04-24,037,Chuck's Granbull 1st Edition,242,159,65
2026-04-24,038,Chuck's Donphan 1st Edition,366,216,111
2026-04-24,039,Pryce's Dewgong 1st Edition,241,128,89
2026-04-24,040,Pryce's Cloyster 1st Edition,412,251,112
2026-04-24,041,Pryce's Lapras,178,48,62
2026-04-24,041,Pryce's Lapras 1st Edition,296,158,97
2026-04-24,042,Pryce's Articuno 1st Edition,415,223,127
2026-04-24,043,Pryce's Sneasel-Holo 1st Edition,665,339,161
2026-04-24,044,Pryce's Piloswine 1st Edition,185,96,71
2026-04-24,045,Pryce's Delibird 1st Edition,208,101,78
2026-04-24,046,Clair's Blastoise 1st Edition,710,320,247
2026-04-24,047,Clair's Jynx 1st Edition,219,114,76
2026-04-24,048,Clair's Gyarados 1st Edition,503,244,167
2026-04-24,049,Clair's Dragonite 1st Edition,951,402,343
2026-04-24,050,Clair's Politoed 1st Edition,226,127,72
2026-04-24,051,Clair's Mantine 1st Edition,388,218,128
2026-04-24,052,Clair's Kingdra 1st Edition,213,110,69
2026-04-24,053,LT. Surge's Raichu 1st Edition,488,244,161
2026-04-24,054,LT. Surge's Lanturn 1st Edition,201,94,85
2026-04-24,055,Sabrina's Xatu 1st Edition,195,101,73
2026-04-24,056,Sabrina's Espeon 1st Edition,766,368,241
2026-04-24,057,Misty's Lapras 1st Edition,334,174,107
2026-04-24,058,Misty's Quagsire 1st Edition,245,136,79
2026-04-24,059,Erika's Bellossom 1st Edition,196,107,65
2026-04-24,060,Erika's Jumpluff 1st Edition,177,99,58
2026-04-24,061,Janine's Beedrill 1st Edition,381,234,115
2026-04-24,062,Janine's Arbok 1st Edition,182,97,59
2026-04-24,063,Janine's Venomoth 1st Edition,174,101,57
2026-04-24,064,Janine's Weezing 1st Edition,166,93,53
2026-04-24,065,Janine's Ariados 1st Edition,168,85,64
2026-04-24,066,Janine's Crobat 1st Edition,220,131,72
2026-04-24,067,Janine's Shuckle 1st Edition,211,130,58
2026-04-24,068,Brock's Omastar 1st Edition,191,111,58
2026-04-24,069,Brock's Kabutops 1st Edition,210,114,63
2026-04-24,070,Blaine's Typhlosion 1st Edition,544,255,181
2026-04-24,071,Blaine's Magcargo 1st Edition,230,129,69
2026-04-24,072,Will's Slowbro 1st Edition,284,172,82
2026-04-24,073,Will's Exeggutor 1st Edition,190,125,52
2026-04-24,074,Will's Jynx 1st Edition,237,146,74
2026-04-24,075,Will's Xatu 1st Edition,164,111,40
2026-04-24,076,Will's Espeon 1st Edition,576,275,197
2026-04-24,077,Will's Slowking 1st Edition,285,156,88
2026-04-24,078,Will's Girafarig 1st Edition,327,227,79
2026-04-24,079,Koga's Crobat 1st Edition,222,128,68
2026-04-24,080,Koga's Forretress 1st Edition,170,100,48
2026-04-24,081,Bruno's Machamp 1st Edition,214,118,66
2026-04-24,082,Bruno's Hitmonlee 1st Edition,189,107,56
2026-04-24,083,Bruno's Hitmonchan 1st Edition,413,262,119
2026-04-24,084,Bruno's Steelix-Holo 1st Edition,733,257,281
2026-04-24,085,Bruno's Ursaring 1st Edition,263,170,76
2026-04-24,086,Bruno's Hitmontop 1st Edition,180,105,60
2026-04-24,087,Karen's Rapidash 1st Edition,435,271,121
2026-04-24,088,Karen's Magmar 1st Edition,267,141,84
2026-04-24,089,Karen's Flareon 1st Edition,635,330,209
2026-04-24,090,Karen's Tyranitar-Holo 1st Edition,"1,330",590,345
2026-04-24,091,Karen's Umbreon-Holo 1st Edition,"3,302",909,908
2026-04-24,092,Karen's Houndoom 1st Edition,498,233,181
2026-04-24,093,Rocket's Wobbuffet-Holo 1st Edition,799,298,298
2026-04-24,094,Rocket's Raikou-Holo 1st Edition,"1,062",475,317
2026-04-24,095,Rocket's Entei-Holo 1st Edition,"1,199",368,486
2026-04-24,096,Rocket's Suicune-Holo 1st Edition,"1,113",467,340
2026-04-24,097,Lance's Charizard 1st Edition,"2,013",689,606
2026-04-24,098,Lance's Gyarados 1st Edition,809,347,265
2026-04-24,099,Lance's Aerodactyl 1st Edition,485,211,188
2026-04-24,100,Lance's Dragonite 1st Edition,"1,099",480,381
2026-04-24,101,Lance's Ampharos 1st Edition,488,261,149
2026-04-24,102,Lance's Kingdra 1st Edition,424,199,151
2026-04-24,103,Falkner's TM 01 1st Edition,72,31,29
2026-04-24,104,Falkner's TM 02 1st Edition,53,15,23
2026-04-24,105,Bugsy's TM 01 1st Edition,68,36,25
2026-04-24,106,Bugsy's TM 02 1st Edition,53,21,19
2026-04-24,107,Whitney's TM 01 1st Edition,69,25,30
2026-04-24,108,Whitney's TM 02 1st Edition,63,28,22
2026-04-24,109,Morty's TM 01 1st Edition,51,22,18
2026-04-24,110,Morty's TM 02 1st Edition,56,21,16
2026-04-24,111,Jasmine's TM 01 1st Edition,69,25,31
2026-04-24,112,Jasmine's TM 02 1st Edition,52,23,17
2026-04-24,113,Chuck's TM 01 1st Edition,58,22,19
2026-04-24,114,Chuck's TM 02 1st Edition,59,14,26
2026-04-24,115,Pryce's TM 01 1st Edition,59,24,23
2026-04-24,116,Pryce's TM 02 1st Edition,56,22,17
2026-04-24,117,Clair's TM 01 1st Edition,81,37,29
2026-04-24,118,Clair's TM 02 1st Edition,74,8,38
2026-04-24,119,Janine's TM 01 1st Edition,67,25,26
2026-04-24,120,Janine's TM 02 1st Edition,44,9,22
2026-04-24,121,Will's TM 01 1st Edition,59,23,22
2026-04-24,122,Will's TM 02 1st Edition,47,23,13
2026-04-24,123,Bruno's TM 01 1st Edition,47,17,21
2026-04-24,124,Bruno's TM 02 1st Edition,47,13,15
2026-04-24,125,Karen's TM 01 1st Edition,80,24,43
2026-04-24,126,Karen's TM 02 1st Edition,74,17,35
2026-04-24,127,Rocket's TM 01 1st Edition,46,15,13
2026-04-24,128,Lance's TM 01 1st Edition,72,15,30
2026-04-24,129,Lance's TM 02 1st Edition,64,10,26
2026-04-24,130,Potion 1st Edition,157,79,52
2026-04-24,131,Moo-Moo Milk 1st Edition,154,88,43
2026-04-24,132,Full Heal 1st Edition,130,83,29
2026-04-24,133,Pokemon Reverse 1st Edition,130,68,45
2026-04-24,134,Switch 1st Edition,158,104,41
2026-04-24,135,Warp Point 1st Edition,122,77,35
2026-04-24,136,Super Scoop Up 1st Edition,151,87,48
2026-04-24,137,Energy Flow 1st Edition,135,86,37
2026-04-24,138,Energy Charge 1st Edition,116,74,28
2026-04-24,139,Energy Ark 1st Edition,166,97,49
2026-04-24,140,Energy Restore 1st Edition,126,77,40
2026-04-24,141,Master Ball 1st Edition,164,95,48
2026-04-24,142,Rocket's Tyranitar-Holo 1st Edition,"1,309",434,368
2026-04-24,N/A,Darkness Energy-Holo,995,413,422
2026-04-24,N/A,Fighting Energy,93,54,27
2026-04-24,N/A,Fire Energy,89,63,17
2026-04-24,N/A,Grass Energy,99,62,33
2026-04-24,N/A,Lightning Energy,86,58,18
2026-04-24,N/A,Metal Energy-Holo,744,370,279
2026-04-24,N/A,Psychic Energy,99,63,27
2026-04-24,N/A,Rainbow Energy-Holo,876,311,371
2026-04-24,N/A,Water Energy,90,62,21
